Term	ID	es	nes	pval	sidak	fdr	geneset_size	leading_edge	propagated_edge
Abnormal spermatogenesis (HP:0008669)		0.7741193831819588	2.701274633460053	0.006907427529603716	0.41762968320597404	0.34520190143838825	9	NR5A1,ZMYND15,NANOS1,CATSPER1,CFTR,AR	CATSPER1,BLM,NANOS1,SYCP3,USP9Y,CNBP,HFE,DAZ1,AR,NR5A1,SCP2,TAF4B,ATM,STEAP3,POC1A,ZMYND15,CFTR
Infertility (HP:0000789)		0.7186205536946133	2.5439604903331126	0.010960348118369989	0.5766799261258483	0.34520190143838825	10	KLHL10,NANOS1,AURKC,CATSPER1,CFTR,AR	CCDC39,PRLR,SEPT12,SNRPN,DYX1C1,NANOS1,DNAAF3,DNAAF1,C21ORF59,PTPN11,CTNS,FOXL2,AR,SPATA16,ZMYND10,PGR,GOPC,ZP1,RSPH1,CCDC40,CFTR,CCNO,H6PD,CATSPER1,AMHR2,LHB,HEATR2,GBA2,NR3C1,AURKC,KLHL10,RNF216,NDN,HSD17B3,AMH,DNAI1,DNAI2
Azoospermia (HP:0000027)		0.7586241425198318	2.4762516422193492	0.013276996209168779	0.6474426711761633	0.34520190143838825	8	NR5A1,ZMYND15,NANOS1,CFTR,AR	NANOS1,BLM,SYCP3,USP9Y,HFE,DAZ1,AR,NR5A1,SCP2,TAF4B,STEAP3,ZMYND15,CFTR
Primary amenorrhea (HP:0000786)		0.6775196041929624	2.179624556315876	0.02928530301456833	0.9015659862365858	0.5231789573924353	9	NR5A1,PROK2,PROKR2,STAG3,AR	TRMT10A,DUSP6,SNRPN,HARS2,FSHB,TACR3,SOX10,SMC1A,PAX2,NR5A1,WT1,NIN,FSHR,ITGA8,NSMF,BMPR1B,RET,PCSK1,CHD7,HSD17B4,PPP1R3A,HS6ST1,BMP15,PROKR2,RAD21,PSMC3IP,FLRT3,GNRHR,KISS1R,POF1B,TAC3,PROK2,ESR1,IL17RD,WDR11,AR,FGF17,STAG3,LHX4,LARS2,CLPP,SPRY4,FGFR1,PPARG,SEMA3A,DHH,CTDP1,CYP19A1,HDAC8,SMC3,CYP17A1,FGF8,NIPBL,NDN,SRY,HESX1,KAL1,POLG,FEZF1
Male infertility (HP:0003251)		0.7603090088076759	2.0657598110726467	0.03885116460181526	0.9545357285266619	0.5231789573924353	5	CATSPER1,CFTR,AURKC	CATSPER1,AMHR2,LHB,HEATR2,PTPN11,CTNS,AMH,DNAI1,DNAI2,AURKC,CFTR
Cafe-au-lait spot (HP:0000957)		0.7423783362773491	1.9797167816483419	0.04773536180100524	0.9779658006886529	0.5231789573924353	5	FANCM	ESCO2,PTPN11,TSC2,TMC8,SDHD,MSH2,TSC1,BRAF,TMC6,SOX10,PALB2,SDHB,SDHC,H19,RAD51C,PIK3CA,BUB1B,FANCD2,MSH6,NF2,ATM,NF1,STEAP3,RAF1,RET,KDM5C,SMARCAL1,ABCB6,BRCA2,UBR1,MED12,SLX4,NBN,AKT1,RBBP8,KIF1B,PCNT,PMS2,CEP57,FANCI,CREBBP,MAP2K2,FANCL,MLH1,MAP2K1,FANCM,FANCB,FANCA,FANCC,FANCF,FANCE,FANCG,ERCC4,GNAS,KRAS,KLLN,BLM,KMT2D,TWIST2,PTEN,RECQL4,BRIP1,SPRED1,VHL,BUB3,MEN1,BUB1
Pectus excavatum (HP:0000767)		0.7047934102806093	1.9308931762722623	0.05349626422981646	0.9862740652731481	0.5231789573924353	6	WDR19	TGFB3,SLC16A2,CRTAP,PDHX,TPM3,WNT5A,TPM2,LIG4,UPF3B,SDHD,SOX10,SDHB,SDHC,COL1A2,COL1A1,SKI,SLC9A6,COL5A2,MYL2,COL5A1,KAT6B,ROR2,GTF2IRD1,PPIB,RAF1,GTF2I,CHRM3,NFIX,HPGD,XYLT1,HSD17B4,IHH,INPPL1,FGD1,ZBTB20,FBLN5,AMER1,NRAS,SEPN1,EFNB1,AKT1,FLNA,GPC4,FLNB,GPC3,CHST14,SHOC2,FKTN,CREBBP,CD96,MAP2K2,MAP2K1,VPS13B,BAZ1B,A2ML1,B3GALT6,COL2A1,B3GALTL,HSPG2,TBL2,SMS,FGFR3,FBN1,CUL7,FMR1,IGF1R,SMC3,EFEMP2,NIPBL,PIEZO2,SCARF2,NSUN2,RFC2,LIMK1,PTPN11,PTCH1,IFT122,BRAF,WDR35,SMC1A,KIF7,TGFBR1,TGFBR2,IFT43,ACTA1,COL3A1,ZEB2,PIK3CA,IMPAD1,ALDH18A1,FAM20C,NF1,ITGA7,MEGF8,SOS1,DDR2,KDM5C,RET,MEGF10,ELN,PQBP1,MED12,MECP2,RAD21,EMD,IGBP1,CCBE1,NOG,NAA10,WDR19,IRX5,SLC2A10,TBX5,DHODH,CLIP2,LMX1B,RIT1,KRAS,RAB3GAP2,PIGT,KLLN,COL11A2,PTEN,KANSL1,ZDHHC9,CBL,PTPLA,HDAC8,ADAMTSL2,CBS,RPS6KA3,TCTN3,CHRNG,MGAT2,ATP7A
Cerebral cortical atrophy (HP:0002120)		-0.6755795611808653	-1.929576118256895	0.053659380245377974	0.9864573525508215	0.5231789573924353	5	PEX7,KCNAB2	SNRPN,RARS2,GLYCTK,VRK1,MYO7A,TYROBP,RUNX2,HIC1,SKI,POLR3A,SLC9A6,DKC1,TBC1D20,TUBGCP6,GTF2IRD1,OCA2,GTF2I,CYFIP1,CISD2,TRNS2,HSD17B4,UBE3A,CIB2,SPG7,TRNS1,ATP10A,TMEM70,KIAA2022,TSEN54,MUC1,ACTB,CLP1,C10ORF2,SC5D,EXOSC3,SLC39A4,MAP2K2,WFS1,SLC35C1,MAP2K1,MARS2,MYO5A,CHCHD10,DOLK,KCNAB2,CASK,BAZ1B,VPS13A,DYRK1A,HNF1B,B3GALTL,OCLN,ALDH7A1,TBL2,LHX1,GNAQ,CLPP,CHMP2B,ND1,ND4,ND6,ND5,NOTCH3,MTRR,VCP,FMR1,ARX,KMT2D,ACTG1,SLC2A3,PCDH15,PSEN1,SMC3,NIPBL,CDH23,NDP,AP1S2,COX3,COX2,COX1,PDZD7,HARS2,RFC2,LIMK1,SLC52A3,TMCO1,GPR98,AMPD2,SLC52A2,BRAF,USH2A,SMC1A,KIF7,BMP4,PEX7,PIGA,PAFAH1B1,PIGL,RMND1,ACO2,MMACHC,SHANK3,YWHAE,POMT2,ELN,PRDM16,LMNB1,TREM2,RTEL1,RAD21,MECP2,KCNT1,TERT,DFNB31,B4GALNT1,KDM6A,MBTPS2,TRNW,CDKL5,MEF2C,NDE1,ATRX,TINF2,TRNQ,FIG4,ASXL1,ERCC1,TRNL1,CLIP2,KIAA1279,ERCC5,ERCC2,LARS2,ALS2,MPLKIP,ERCC6,KRAS,RAB18,MMADHC,SLC25A15,RAB3GAP2,RAB3GAP1,MVK,GRN,CTDP1,HTT,EHMT1,AP4E1,PPP2R2B,USH1G,HDAC8,USH1C,TRNH,TRNF,NSDHL,TCTN3,RPS6KA3,OPHN1,EPG5,HRAS,IKBKG,GABRD,SPG11
Erectile abnormalities (HP:0100639)		0.6724141430817638	1.7657587714412228	0.07743632807769596	0.9981391333945131	0.62335163832601	6	PROKR2,AR	GUCY1A3,DUSP6,AIP,TACR3,SOX10,IL17RD,WDR11,AR,FGF17,SPRY4,FGFR1,NSMF,SEMA3A,FMR1,HBB,HFE,GBE1,HEXB,CHD7,LMNB1,HS6ST1,TTR,PROKR2,FGF8,FLRT3,NDP,HESX1,KISS1R,KAL1,ABCD1,FEZF1,PROK2
Dolichocephaly (HP:0000268)		0.6954786127058983	1.7511685754033492	0.07991687670846281	0.9984916190261114	0.62335163832601	5	FANCM	PEX19,SNRPN,PEX10,SDHD,PEX12,PEX13,SDHB,PEX14,SDHC,PEX16,SKI,FANCD2,OBSL1,CNTN1,RAF1,TFAP2A,NFIX,IDUA,PEX11B,HSD17B4,PEX26,SLX4,NSD1,AKT1,NKX2-5,FANCI,ARSB,FANCL,JAG1,FANCM,GDF1,FANCB,RAB39B,FANCA,FANCC,FANCF,FANCE,FANCG,PREPL,ERF,UBA1,ZFPM2,FGFR3,FBN1,FGFR2,FBN2,CUL7,BLM,NOTCH2,NELFA,WHSC1,SLC35D1,GATA6,GATA5,TWIST1,GATA4,C12ORF57,BRIP1,DYM,NDN,GJA5,ALX4,HGSNAT,VDR,OFD1,PEX1,IFT122,PEX3,PEX2,BRAF,PALB2,WDR35,IFT43,RAD51C,LETM1,PEX5,PIK3CA,TMEM216,CCDC8,PEX6,ALPL,KPTN,SHANK3,DLX3,RNU4ATAC,CITED2,NPR2,SLC3A1,BRCA2,IDS,ORC4,SNAP29,CEP57,WDR19,ATRX,IL11RA,ITCH,FIG4,ERCC4,TBC1D7,MAN1B1,TRIM37,MVK,KLLN,ABCD3,PTEN,GLI3,CHRNG,DIS3L2
Clinodactyly of the 5th finger (HP:0004209)		0.5851070344119754	1.6504736609411537	0.09884609611718931	0.9997019291274446	0.6320692044536792	9	PTPN11,FANCM,WDR19	TFAP2B,ACVR1,FNBP4,ESCO2,CRBN,WNT5A,TRPV4,LIG4,L1CAM,HIC1,SKI,BUB1B,FANCD2,KAT6B,ROR2,CNTN4,GTF2IRD1,OBSL1,BCOR,RAF1,TFAP2A,GTF2I,RB1,DPAGT1,MASP1,SATB2,XYLT1,CHRNA7,IHH,FGD1,HOXA13,AMER1,CRKL,HOXA11,NRAS,RAB23,SLX4,EFNB1,AKT1,GPC4,FLNB,GPC3,PITX1,RBBP8,SHOX,NKX2-5,PCNT,CREBBP,FANCI,CD96,FANCL,JAG1,FANCM,GDF1,FANCB,VPS13B,FANCA,KCNAB2,GDF5,BAZ1B,FANCC,A2ML1,FANCF,FANCE,FANCG,B3GALTL,BCR,TBL2,PIK3R1,SLCO5A1,FGF10,ZFPM2,FGFR3,FGFR2,SIM1,CUL7,BLM,SLC26A2,KMT2A,ZC4H2,GATA6,GATA5,TWIST1,GATA4,SMC3,C12ORF57,BRIP1,SALL1,GJA1,NIPBL,EBP,RNF216,GJA5,PIEZO2,SCARF2,TP63,NSUN2,CDT1,RFC2,LIMK1,OFD1,HMGA2,PTPN11,IFT122,BRAF,CDC6,PALB2,WDR35,SMC1A,KIF7,LMBR1,H19,IFT43,RAD51C,BMP4,BMP2,CENPJ,IMPAD1,CCDC8,PAFAH1B1,PIGL,KPTN,ATR,SHANK3,SOS1,BMPR1B,RNU4ATAC,YWHAE,CITED2,FLII,SRCAP,RBM8A,ELN,CHD7,PRDM16,TRPS1,PTH1R,BRCA2,UBR1,PQBP1,RAI1,ORC6,RAD21,EMG1,SHH,SH3PXD2B,ORC1,CHL1,ORC4,ATRIP,CEP57,FAM58A,TBX2,TBX1,MBD5,NOG,NAA10,ATRX,WDR19,WNT7A,SLC2A10,ARID1B,LEMD3,SULF1,TBX4,EVC,TBX15,CLIP2,LMX1B,ERCC4,RIT1,SMOC1,PNPLA6,STUB1,KRAS,RAB18,EIF4A3,CANT1,HDAC4,SEMA3E,PTEN,HOXD13,HDAC8,SIX6,COL11A1,CEP152,MAPK1,BUB3,KCNJ2,BUB1,GABRD,EVC2
Infantile onset (HP:0003593)		-0.6115997775445208	-1.6060817229734987	0.10825595510775488	0.9998685571439853	0.6320692044536792	7	SACS,PINK1,DDOST,IGLL1,EGR2	DYX1C1,SLC35A1,GDAP1,UPB1,AFG3L2,WDR81,SUCLG1,SLC46A1,LRP5,SEPN1,HERC2,TMEM67,MUSK,FKTN,ELANE,SLC34A3,EGR2,FZD4,JAG1,SURF1,ATP6AP2,PRKCD,RAB27A,MYO5A,ACADSB,HCFC1,SLC6A8,GJB3,GJB2,PIK3R1,WNK1,TNNT1,HNF1A,GJB4,NDUFAF6,NDUFAF2,SCN2A,FERMT3,MTRR,MLC1,PCDH15,PLA2G6,SLC6A3,TRIOBP,PCDH19,GATA1,SLC6A5,CD79B,C12ORF57,RPS19,CYP2R1,PLCG2,SCN1A,TRPM6,SIL1,CTC1,AASS,SLC33A1,PDHA1,RDX,SLC10A2,GP6,FAM126A,LRPPRC,PAX2,SLC7A7,TH,RAPSN,ATPAF2,PTPRQ,ADK,CD3E,CD3D,GJC2,AUH,PRX,TK2,CC2D2A,PCK1,SPTBN2,RANBP2,CDKL5,GCH1,STAT3,IFT140,GAD1,MRPL44,SLURP1,ADAT3,ALDH5A1,PDP1,GATM,ABCB11,IGLL1,SDHAF1,KCNQ2,PLP1,L2HGDH,PIGT,IGHM,RYR1,CTDP1,NDUFA12,HEXA,NDUFA10,HEATR2,GLRA1,CHRND,IKBKB,CHRNE,CXCR4,SMPD1,AIFM1,OPHN1,MPV17,DLAT,SPTAN1,CCT5,CA12,AGK,SRD5A3,ALG13,RPGRIP1L,TSC1,ALG11,RPSA,COLQ,DPM1,SDHA,SLC25A38,SCNN1G,PINK1,GFI1B,GPD1,PSAT1,SCNN1B,TRAC,PMP22,TBC1D24,CHRNB1,CHRNA1,SCNN1A,HSD17B4,FGD4,MPZ,FLNA,NLRP3,MFN2,SLC39A4,CARD11,ATP8B1,TRAPPC9,GFAP,QDPR,DDOST,FRMD7,COL6A1,COL6A3,ILDR1,COL6A2,GNAS,RNASEH2A,SLC2A1,DOCK8,UVSSA,PSEN1,CORO1A,MAGEL2,SEPSECS,PTRF,SCN9A,LARGE,COX15,SACS,RAG1,RAG2,COX10,ARFGEF2,DARS,VDR,KCNJ10,MMP2,TRPA1,EIF2AK3,GPR98,NEB,CYB5A,TTI2,COQ6,HAX1,NFKBIA,SARS2,NDUFS8,NDUFS7,ACOX1,IRF8,NDUFS4,NDUFS3,ITGA7,SCN4A,MMACHC,MYH7,ABCB4,SAR1B,POMT1,COX4I2,POMT2,MTR,ADAR,PSAP,SPR,CPT2,BLNK,SNAP29,NDUFA9,NTRK1,GLRX5,ADSL,RNASET2,NDUFA2,NAGA,BCS1L,NGF,MCOLN1,TSHR,LMBRD1,PNKD,IMPDH1,SUCLA2,ERCC4,ALS2,VPS45,ERCC8,DCX,ERCC6,SLC25A12,MMADHC,KRT83,KRT81,DDC,LAMA3,PLG,TTN,NR3C2,KRT86,HSD17B10,GRM1,FOXRED1,PHKG2,HYDIN,SOST,MMAA,POLG,EARS2
Tracheoesophageal fistula (HP:0002575)		0.6573154530698939	1.5617740861966376	0.11834121856418256	0.9999458695141734	0.6320692044536792	5	PROKR2,FANCM	PDGFRB,CTC1,LIMK1,RFC2,MMP1,PALB2,WRAP53,RAD51C,MYCN,DKC1,FANCD2,COL7A1,ITGA8,NCF1,GTF2IRD1,NHP2,GTF2I,RET,TERC,ELN,CHD7,BRCA2,RTEL1,PROKR2,SLX4,TERT,TCOF1,FGF20,OTX2,FANCI,FANCL,FANCM,FOXF1,TINF2,FANCB,WNT7A,FANCA,CYBB,BAZ1B,FANCC,USB1,CYBA,FANCF,FANCE,FANCG,FERMT1,CLIP2,ERCC4,TBL2,POLR1C,POLR1D,FGFR1,NOP10,FBN2,NOTCH3,NCF2,LAMA3,SEMA3E,NCF4,HOXD13,GLI3,SOX3,BRIP1,SOX2,ZIC3,HESX1
Radial deviation of finger (HP:0009466)		0.5477648784903633	1.5411467262367937	0.12328107981144587	0.9999650771592195	0.6320692044536792	10	PTPN11,HOXD13,FANCM,WDR19	ACVR1,FNBP4,ESCO2,WDPCP,L1CAM,GTF2IRD1,OBSL1,BCOR,RB1,SF3B4,SATB2,XYLT1,AMER1,CRKL,AKT1,NKX2-5,CREBBP,JAG1,GDF1,VPS13B,IGF1,GDF5,BAZ1B,BBS10,BCR,BBS12,TBL2,PIK3R1,SLCO5A1,ZFPM2,EZH2,MKS1,SIM1,GATA6,GATA5,TWIST1,GATA4,SMC3,C12ORF57,BRIP1,GJA1,RNF216,GJA5,PIEZO2,ALX3,SCARF2,TP63,NSUN2,BBS2,CDT1,BBS1,OFD1,IFT122,BRAF,PALB2,WDR35,CDC6,KIF7,LMBR1,H19,RAD51C,CRLF1,CENPJ,CLCF1,CCDC8,PAFAH1B1,PIGL,KPTN,ATR,CITED2,FLII,RBM8A,ELN,PRDM16,PTH1R,BRCA2,PQBP1,MED12,SHH,SH3PXD2B,CHL1,BBS9,PHGDH,BBS7,BBS5,CEP57,BBS4,FAM58A,MBD5,NOG,WDR19,WNT7A,SLC2A10,SULF1,LZTFL1,CLIP2,TTC8,RIT1,SMOC1,PNPLA6,HOXD13,TCTN3,COL11A1,GABRD,EVC2,TFAP2B,SNRPN,CRBN,WNT5A,TRPV4,LIG4,GCK,HIC1,SKI,BUB1B,FANCD2,KAT6B,ROR2,CNTN4,RAF1,TFAP2A,GTF2I,DPAGT1,MASP1,CHRNA7,IHH,FGD1,HOXA13,HOXA11,NRAS,RAB23,SLX4,EFNB1,FLNA,GPC4,GPC3,FLNB,PITX1,RBBP8,SHOX,PCNT,FANCI,CD96,FANCL,SMAD4,FANCM,FANCB,FANCA,KCNAB2,FANCC,A2ML1,FANCF,FANCE,FANCG,B3GALTL,FGF10,IFT27,FGFR3,FGFR2,CUL7,BLM,SLC26A2,ARL6,KMT2A,ZC4H2,IGF1R,SALL1,NIPBL,EBP,NDN,ANKRD11,MKKS,KCNJ11,RFC2,LIMK1,ABCC8,HMGA2,PTPN11,SMC1A,IFT43,BMP4,BMP2,IMPAD1,SHANK3,SOS1,BMPR1B,RNU4ATAC,YWHAE,SRCAP,CHD7,TRPS1,UBR1,RAI1,ORC6,RAD21,EMG1,ORC1,ORC4,CEP290,ATRIP,TBX2,TBX1,NAA10,ATRX,ARID1B,LEMD3,TBX4,EVC,TBX15,LMX1B,ERCC4,STUB1,KRAS,RAB18,TRIM32,EIF4A3,CANT1,HDAC4,SEMA3E,PTEN,INS,HDAC8,SIX6,CHSY1,CEP152,MAPK1,BUB3,KCNJ2,BUB1
Somatic mutation (HP:0001428)		0.6481592365243206	1.5159352376652304	0.1295357290133683	0.9999800209844755	0.6320692044536792	5	PTPN11,WT1,SSX1	SLC35A2,PDGFRA,HMGA2,PTPN11,AXIN1,TET2,ARHGAP26,H19,SSTR5,PDGFRL,IRF1,WT1,APC,IRF4,PIK3CA,PIGA,NF2,NF1,BCL2,RARA,CALR,ADA,TP53,RB1,ITS,MPL,EWSR1,BRCA2,CDC73,CASP8,THPO,TFG,ERBB2,CASP10,TFE3,GPC3,SF3B1,SH2B3,MUTYH,MSR1,IGF2R,TAF15,ASCC1,AIP,ASPSCR1,PRKCA,NR4A3,BCR,ASXL1,CREB1,KLF6,DDIT3,GNAS,MET,KRAS,FGFR2,PIGT,HDAC4,CTNNB1,HRAS,SSX1,RPS14,CTHRC1,SSX2,JAK2
Intrauterine growth retardation (HP:0001511)		0.6242175139948841	1.5154628896442799	0.12965522142639574	0.999980233781089	0.6320692044536792	6	PTPN11,FANCM	HES7,ESCO2,SMARCA2,SOX11,SMARCA4,NIN,RFX6,OBSL1,PTF1A,RB1,SMARCAL1,SMARCB1,TMEM70,DLL3,CRKL,VTI1A,NKX2-5,ARVCF,INSR,JAG1,GDF1,VPS13B,IGF1,ALG1,BCR,FAM111A,PIK3R1,SFXN4,ZFPM2,NODAL,MKS1,GATA6,PDGFB,GATA5,GATA4,SMC3,BRIP1,PTDSS1,RPS19,GJA5,ALX4,PIEZO2,ATP6V0A2,CTC1,NSUN2,CDT1,RIPK4,BRAF,CDC6,PALB2,H19,RAD51C,LETM1,CENPJ,CCDC8,RARB,FAM20C,RAPSN,ATR,MESP2,CITED2,TERC,IGHMBP2,BRCA2,SHH,TERT,CHL1,FLVCR2,PHGDH,STRA6,CEP57,PKLR,WNT7A,GP1BB,TTC7A,FIG4,KIAA0196,HYLS1,ZNF335,RAB3GAP2,RAB3GAP1,CDKN1C,GFM1,GBA,CTDP1,SLC20A2,HOXD13,GLI3,ADAMTSL2,CHRND,RECQL4,LFNG,IFIH1,NSDHL,TCTN3,CHRNG,EVC2,PDGFRB,CRBN,UQCC2,LIG4,LIFR,GCK,PSAT1,DKC1,BUB1B,FANCD2,DOK7,TBC1D20,TUBGCP6,CNTN4,DHCR7,NHP2,RAF1,TFAP2A,CHRNA1,SEMA5A,CTNND2,IBA57,PLOD3,COMT,HIRA,LMNA,SLX4,KIF5C,BMPER,SC5D,NBN,FLNB,RBBP8,PCNT,TTC37,FANCI,FANCL,SMAD4,EPHX1,FANCM,TBCE,FANCB,FANCA,USB1,FANCC,FANCF,FANCE,FANCG,DNAJC19,B3GALTL,KIF2A,FGFR1,STT3B,SKIV2L,RNASEH2A,NOP10,FGFR3,FBN1,FTO,CUL7,BLM,SLC26A2,NELFA,WHSC1,FMR1,IGF1R,GLIS3,ZFP57,HHAT,NIPBL,PSPH,TSFM,KCNJ11,ABCC8,SMARCE1,PYCR1,HMGA2,PTPN11,EIF2AK3,DHCR24,SMC1A,WRAP53,PEX5,ALDH18A1,MCM4,RNU4ATAC,UFD1L,ABCB7,SRCAP,CHD7,UBR1,RTEL1,ZMPSTE24,ORC6,EMG1,RAD21,ORC1,ORC4,RBM10,ATRIP,TBX2,MBTPS2,TBX1,TINF2,PDE4D,PDX1,DDX11,ARID1A,ARID1B,TBX6,BCS1L,LEMD3,TBX4,EVC,ASXL1,ERCC1,ERCC4,ERCC5,ERCC2,ERCC8,TRIM37,ERCC6,RAB18,HDAC6,ABCD3,SEMA3E,KANSL1,INS,HDAC8,PDE6D,CEP152,MAPK1,BUB3,ATP7A,BUB1
Female pseudohermaphroditism (HP:0010458)		0.6175208130308616	1.361632894633554	0.1733137686360784	0.9999996430766629	0.7422854852613471	5	NR5A1	FAM58A,WWOX,INSR,PEX19,MAP3K1,CDT1,CD96,PEX1,PEX10,PEX3,PEX12,NR0B1,PEX2,PEX13,CDC6,PEX14,PEX16,AR,NR5A1,WT1,FRAS1,VAMP7,PEX5,PEX6,FREM2,COX7B,PEX11B,UBE3B,HCCS,GATA4,PEX26,CYP19A1,ORC6,GRIP1,ORC1,ORC4,SRY
Male pseudohermaphroditism (HP:0000037)		0.568378600135737	1.345601798522185	0.17843097133511954	0.9999997800942433	0.7422854852613471	7	NR5A1,AR	MAP3K1,DMRT2,SRD5A2,WDPCP,ATRX,DMRT1,CBX2,HSD3B2,RPGRIP1L,NR0B1,TMEM231,CYB5A,AR,NR5A1,RPGRIP1,WT1,TMEM216,B9D2,B9D1,MKS1,DHH,AMHR2,COX7B,LHB,HCCS,CYP17A1,HHAT,TMEM67,TCTN2,HSD17B3,SRY,SOX9,AMH,CC2D2A,CEP290,MNX1
Delayed skeletal maturation (HP:0002750)		0.5148953332602078	1.3366122094056065	0.18134925156724613	0.9999998333920465	0.7422854852613471	10	PTPN11,PROKR2	B3GAT3,WNT5A,ZBTB16,TRPV4,LIG4,CTNS,SOX10,SMARCA2,NIN,KAT6B,NSMF,ROR2,GTF2IRD1,SBDS,OBSL1,RAF1,GTF2I,NBAS,TRNS2,HSD17B4,IHH,LRP5,TRNS1,INPPL1,HS6ST1,PROKR2,COMP,NRAS,ANTXR1,FLRT3,NSD1,FLNB,KISS1R,SHOC2,PCNT,PROK2,CREBBP,INSR,CD96,SECISBP2,TBCE,IGF1,GDF5,BAZ1B,A2ML1,IL17RD,EXT1,COL2A1,FGF17,HSPG2,GJB2,LHX4,TBL2,PIK3R1,GJB6,FGFR1,BTK,ND1,ND4,CHST3,ND6,FBN1,ND5,CUL7,BLM,NELFA,ATP8,WHSC1,FMR1,KMT2A,IGF1R,CYP19A1,SMC3,GHRHR,FGF8,PTDSS1,NIPBL,KAL1,HESX1,ANKRD11,COX3,COX2,COX1,SCARF2,FEZF1,DUSP6,NSUN2,CDT1,KCNJ8,RFC2,LIMK1,GPX4,ABCC9,TACR3,PEX1,PTPN11,EIF2AK3,BRAF,PAX1,CDC6,SMC1A,GH1,H19,MMP13,BMP4,LETM1,SLC7A7,RRM2B,PAX8,CCDC8,ALDH18A1,ATR,SOS1,DLX3,RNU4ATAC,SRCAP,COX4I2,ELN,TRH,CHD7,TRPS1,UBR1,ORC6,GHR,MECP2,RAD21,ORC1,NEU1,ORC4,CEP57,MBTPS2,TRNW,CCBE1,EYA1,ATRX,TRNQ,ARID1B,WDR11,EVC,TRNL1,CLIP2,RIT1,SPRY4,KRAS,MVK,PIGT,SCARB2,SEMA3A,CDKN1C,THRB,GBA,THRA,HDAC8,MALT1,ACAN,ADAMTSL2,TRNH,TRNF,SIX6,RPS6KA3,AGA,HRAS,KCNJ2,RMRP,EVC2
Breast aplasia (HP:0100783)		0.5948662926258945	1.2468556363694039	0.21245043599777946	0.9999999918777596	0.7422854852613471	5	PROKR2	DUSP6,CDT1,KCTD1,TACR3,CDC6,SOX10,IL17RD,WDR11,TBX3,FGF17,SPRY4,FGFR1,NSMF,SEMA3A,CHD7,HS6ST1,ORC6,LMNA,PROKR2,FGF8,FLRT3,ORC1,ORC4,HESX1,KISS1R,KAL1,IKBKG,FEZF1,PROK2,TP63
Aplasia/Hypoplasia of the breasts (HP:0010311)		0.5948662926258945	1.2468556363694039	0.21245043599777946	0.9999999918777596	0.7422854852613471	5	PROKR2	DUSP6,CDT1,KCTD1,TACR3,CDC6,SOX10,IL17RD,WDR11,TBX3,FGF17,FGFR1,SPRY4,NSMF,SEMA3A,CHD7,HS6ST1,ORC6,LMNA,PROKR2,ANTXR1,FGF8,FLRT3,ORC1,EFNB1,ORC4,HESX1,KISS1R,KAL1,IKBKG,FEZF1,PROK2,TP63,POC1A
Rocker bottom foot (HP:0001838)		0.5948662926258945	1.2468556363694039	0.21245043599777946	0.9999999918777596	0.7422854852613471	5	PROKR2	DUSP6,TPM2,TACR3,PEX1,SOX10,MYBPC1,MYH3,DOK7,CCDC8,NSMF,RAPSN,OBSL1,CHD7,HS6ST1,ZMPSTE24,LMNA,PROKR2,EMG1,FLRT3,FLNA,KISS1R,PHGDH,PROK2,VPS33B,SLC2A10,ARID1B,IL17RD,WDR11,ERCC1,FGF17,FAM111A,POR,SETBP1,ERCC2,TNNT3,SPRY4,FGFR1,ERCC6,VIPAS39,FGFR2,SEMA3A,CUL7,HOXD10,FGF8,WRN,CHRNG,TNNI2,HESX1,KAL1,FEZF1
Short nose (HP:0003196)		-0.5287622995125384	-1.1776526919407364	0.23893509418574865	0.9999999994365021	0.7422854852613471	5	RPL26,FOXG1,BMPER	SLC12A6,WNT5A,RPS7,PUS1,LIFR,GCK,HIC1,DPM2,BUB1B,TBC1D20,RPL26,ROR2,STAMBP,NFIX,RPL11,LRP2,FOXG1,ZBTB24,NALCN,LRP4,PLOD3,INPPL1,YARS2,FGD1,KIAA2022,EFTUD2,LMNA,ACTB,NRAS,CLP1,BMPER,RPL15,FLNA,SC5D,GPC4,FLNB,GPC3,GPC6,SHOC2,PAK3,CD96,MAP2K2,KIF22,EPHX1,MAP2K1,CASK,COL2A1,B3GALTL,RPS26,FAM111A,RPS29,GGCX,PRKAR1A,FGFR1,IL1RAPL1,ERF,ADNP,CCDC22,UBA1,FBN1,FGFR2,RPS24,RPL5,BLM,SLC26A2,PLA2G6,GATA1,SMC3,GJA1,RPS17,NIPBL,RPS19,RPS10,ARSE,ATP6V0A2,KCNJ11,RIPK4,ABCC8,OFD1,DNMT3B,TMCO1,PTCH1,DHCR24,BRAF,SMC1A,KIF7,PAX3,MYH3,IMPAD1,PAFAH1B1,FAM20C,PIGN,MOCS1,MOCS2,DDR2,EDA,COX7B,YWHAE,FLII,NPR2,UBR1,ZMPSTE24,RAI1,RAD21,SHH,CEP57,POU1F1,MBD5,MEF2C,ADSL,ATRX,PDE4D,WNT7A,RPL35A,SLC2A10,ZDHHC15,KIAA0196,SETBP1,SMOC1,MPLKIP,TRIP11,AVP,RAB18,KRAS,RAB3GAP2,RAB3GAP1,HDAC6,CANT1,CDKN1C,GBA,PIGO,COL11A2,EHMT1,PTEN,ECE1,INS,PEPD,GLI3,HDAC8,ADAMTSL2,RECQL4,PUF60,TCTN3,COL11A1,AGA,DIS3L2
Optic atrophy (HP:0000648)		-0.37002456742391826	-1.155826841661364	0.24775199155647676	0.999999999772929	0.7422854852613471	13	SOX3,UCHL1,PEX2,KCNAB2,POMGNT2,RP9,CLN3	TUB,B3GALNT2,PEX19,FNBP4,WDPCP,PDHX,MOGS,PEX10,PEX12,PEX13,PEX14,PEX16,POLR3A,MGP,RBP3,TMEM126A,GLA,C2ORF71,PTF1A,PANK2,PEX11B,PRCD,CISD2,LRP5,NOD2,LRP4,SPG7,PEX26,ANTXR1,TMEM67,TFG,ST3GAL5,C10ORF2,ARVCF,FKTN,EYS,ARSA,SURF1,ABCA4,ALG3,MYO5A,VPS13B,GDF6,RPE65,TOPORS,FA2H,BTD,MC1R,PRKAR1A,NDUFAF6,PPT1,NDUFAF2,MKS1,CERKL,RD3,SLC45A2,ARX,TWIST1,NR2E3,PLA2G6,C12ORF65,GATA2,AAAS,SOX3,GJA1,SOX2,RNF216,NUP62,TNFSF11,AP1S2,COX3,PIEZO2,HESX1,COX2,LRAT,COX1,SIL1,PROM1,SLC19A2,ATP6V0A2,CTC1,ROM1,OFD1,AMPD2,CYP7B1,PAX6,BRAF,SUMF1,KIF7,TYR,PAX2,LETM1,KLHL7,DPYD,PRPH2,ISPD,GUCY2D,ZNF592,FASTKD2,KIF11,PRDM16,IKBKAP,SLC7A14,TNFRSF11B,GJC2,ATIC,AUH,UCHL1,ATXN7,FLVCR1,C19ORF12,ATXN1,CC2D2A,PCK1,WWOX,TRNW,MEF2C,BCAP31,PET100,TRNQ,GP1BB,TUBB4A,COX6B1,KIAA0196,COL4A1,TTC8,NMNAT1,SMOC1,MPLKIP,PLP1,PRPF31,L2HGDH,KIZ,PNPLA6,B3GNT1,RGR,RAB3GAP2,SLC29A3,RAB3GAP1,FH,CRB1,GRN,NDUFA12,NDUFA10,GUCA1B,SNX10,TRNH,RECQL4,TRNF,TCTN2,CHN1,EPG5,TRNP,RHO,IKBKG,TRNK,GABRD,SEMA4A,TGFB1,C8ORF37,PDE6G,TSC2,ALG13,RPGRIP1L,TSC1,DHDDS,DPM1,SDHA,DPM2,SKI,DKC1,FAM161A,TBC1D20,TUBGCP6,STAMBP,B9D2,AIPL1,TBC1D24,COX20,DHCR7,B9D1,OCA2,YAP1,NBAS,NFIX,NRL,TRNS2,ATP1A3,NALCN,UBE3B,TRNS1,COMT,BEST1,HIRA,RAB23,PROKR2,SH3BP2,NLRP3,MFN2,EIF2B5,EIF2B4,MAP2K2,EIF2B3,CASR,WFS1,MAP2K1,FANCB,KCNAB2,CASK,TMEM231,DNAJC19,PRPF6,TMEM5,B3GALTL,PRPF8,CDHR1,PRPF4,MAK,PRPF3,GNAQ,CLRN1,FGFR1,FSCN2,STT3B,ERF,GNAS,CCDC22,ND1,RNR1,ND4,SNRNP200,DNMT1,CNGB1,FGFR3,ND6,FGFR2,ND5,DOCK6,NELFA,WHSC1,ARL6,TACO1,PORCN,EBP,NIPBL,ABHD12,SALL4,LARGE,NDP,ANKRD11,NEK2,COX15,COX14,EIF2B2,EIF2B1,COX10,DNM1L,COA5,TSFM,IQCB1,KCNJ13,SLC52A3,PEX1,SLC52A2,PEX3,LAMB1,PEX2,USH2A,MERTK,CLCN7,BMP4,RPGRIP1,VCAN,NDUFS8,PEX5,PIK3CA,ARL2BP,TMEM216,NDUFS7,ACOX1,PEX6,NDUFS4,NDUFS3,ACO2,ZNF513,UFD1L,POMT1,POMT2,CHD7,PTPN22,SPATA7,NT5C2,CA2,MFSD8,PSAP,CA4,RDH12,GMPPA,GMPPB,RBM10,OTX2,SNAP29,CEP290,WNT3,IMPG2,CNGA1,TBX1,NDUFA9,MBTPS2,FKRP,TIMM8A,ATRX,NDUFA2,NAGA,LCA5,MUT,BCS1L,POMGNT2,POMGNT1,CECR1,MCOLN1,ERCC1,GALC,SLC25A19,RP2,TRNL1,GLB1,RP1,RPIA,IMPDH1,ERCC4,SETBP1,ERCC5,ERCC2,TBC1D7,ERCC3,ERCC8,SAG,POMK,FXN,ERCC6,RAB18,RP9,STUB1,KRAS,ASPA,AGXT,MTFMT,SEMA3E,PRPS1,TCIRG1,PTEN,CRX,TULP1,MTO1,RPGR,RLBP1,FOXRED1,CBS,CLN3,MTPAP,OPA1,SIX6,GNA11,RPS6KA3,OPA3,CHSY1,SOST,PDE6B,PDSS1,PDE6A,POLG,CNNM4,IDH3B
Blepharophimosis (HP:0000581)		0.5755136238459028	1.1485722278135713	0.25073241427106807	0.9999999998333974	0.7422854852613471	5		FNBP4,CRBN,MOGS,LIG4,LIFR,SMARCA2,MYCN,FANCD2,DOK7,KAT6B,CNTN4,DCHS1,GTF2IRD1,BCOR,GTF2I,MASP1,FOXG1,UBE3B,CRKL,LMNA,SLX4,GPC6,PCNT,FANCI,FANCL,SMAD4,FANCM,FANCB,FANCA,BAZ1B,FANCC,FANCF,ANK1,FANCE,FANCG,B3GALTL,BCR,HSPG2,FAM111A,TBL2,ERF,FAT4,RAB40AL,FBN1,SIM1,KMT2A,RBPJ,BRIP1,SALL1,GJA1,HHAT,SALL4,ALX4,PIEZO2,SOX9,SCARF2,TP63,NSUN2,RFC2,LIMK1,ABCC9,DNMT3A,PYCR1,FOXL2,WDR35,PALB2,PAX3,RAD51C,CUL4B,MYH3,RAPSN,ATR,ELN,BRCA2,ZMPSTE24,MECP2,MED12,ORC1,CHL1,STRA6,CEP57,TBX1,KCTD1,SLC2A10,THOC6,ARID1B,FIG4,ERCC1,TBX15,CLIP2,ERCC4,SMOC1,STAC3,ERCC6,RAB18,COLEC11,PHF6,KANSL1,SEPT9,ADAMTSL2,RECQL4,CHN1,MAPK1,KCNJ2
Pes planus (HP:0001763)		0.5725835109240586	1.1336866002461652	0.25692603236356804	0.9999999999128034	0.7422854852613471	5		TGFB1,TGFB3,TGFB2,SLC16A2,B3GAT3,TRPV4,UBE2A,COL1A2,COL1A1,SKI,COL5A2,PLOD1,COL5A1,FANCD2,GTF2IRD1,RIN2,BRWD3,GTF2I,TNXB,XYLT1,FOXG1,GORAB,FGD1,CRKL,SLX4,NSD1,FLNA,FLNB,SMAD3,CREBBP,FANCI,FANCL,KIF22,FANCM,FANCB,VPS13B,FANCA,AP4B1,B3GALT6,BAZ1B,FANCC,FANCF,FANCE,FANCG,COL2A1,BCR,METTL23,HSPG2,TBL2,TCF4,CHST3,FBN1,CUL7,FMR1,C12ORF57,BRIP1,SALL1,SALL4,SIL1,SBF1,ATP6V0A2,RFC2,LIMK1,MMP2,TMCO1,PYCR1,PALB2,TGFBR1,TGFBR2,RAB33B,RAD51C,CUL4B,CRLF1,GARS,RAB7A,ATR,FLII,ELN,TRPS1,BRCA2,VLDLR,RAI1,CTSC,TBX2,ATRX,SLC39A13,TBX4,GAN,CLIP2,LMX1B,ERCC4,B4GALT7,BSCL2,CANT1,RYR1,SEC23A,FKBP14,ALMS1,ZDHHC9,GRM1,RPS6KA3,AGA,MAPK1,MGAT2,ATP7A
Depressed nasal bridge (HP:0005280)		-0.41193458668511146	-1.1336414570792621	0.2569449756673894	0.9999999999129766	0.7422854852613471	11	BMPER,PEX2,PEX7,KCNAB2,FOXG1	DYNC2H1,HES7,LINS,PEX19,PEX10,ACSL4,PEX12,IFT80,PEX13,PEX14,SOX11,SMARCA4,RUNX2,PEX16,FRAS1,MGP,SMARCAL1,SMARCB1,LRP2,XYLT1,PEX11B,FOXG1,LRP5,PEX26,DLL3,ANTXR1,AKT3,AKT1,INSR,ARSB,JAG1,PMM2,ALG3,AMMECR1,ANK1,COL2A1,FAM111A,POR,WDR60,GNPAT,PRKAR1A,FAT4,FREM2,EZH2,TWIST2,GNS,SMC3,GJA1,ANKH,ALX4,KCNE1L,GLUL,SOX9,ARSE,SCARF2,TP63,NSUN2,BRAF,SUMF1,PAX1,WDR35,PAX3,WDR34,CRLF1,PIGA,FAM20C,PIGL,RAPSN,PIGN,MEGF8,DDR2,COL18A1,MESP2,FOXC1,KIF11,FLII,HBB,PRDM16,PTH1R,MED12,MECP2,SH3PXD2B,CEP57,MEF2C,KIAA0196,SMOC1,TRIP11,RAB3GAP2,RAB3GAP1,SETD5,PIGT,FH,CDKN1C,GBA,COL11A2,GLI2,PEPD,GLI3,LFNG,HYAL1,COL11A1,AGA,HRAS,GABRD,TFAP2B,ZBTB18,SRD5A3,AGL,B3GAT3,UQCC2,WNT5A,TRPV4,LIG4,UBE2A,EDAR,DPM1,SKI,PLOD1,BUB1B,DOK7,ROR2,DHCR7,RAF1,TFAP2A,NFIX,IDUA,HSD17B4,ZBTB24,UBE3B,INPPL1,GRIP1,RAB23,GNPTAB,CCND2,BMPER,FLNA,NBN,GPC3,FLNB,GPC6,SHOX,PITX2,TGIF1,CD96,MAP2K2,KIF22,MAP2K1,TBCE,FTSJ1,KCNAB2,CAMKMT,B3GALTL,METTL23,PREPL,FGFR1,GNAS,CCDC22,FGFR3,FBN1,FGFR2,DOCK6,CUL7,SLC26A2,EFEMP2,NIPBL,ABCC9,SMARCE1,DNMT3B,PEX1,EIF2AK3,PEX3,PEX2,DHCR24,FOXL2,SMC1A,PEX5,TMEM216,PIK3CA,PEX7,ACOX1,PEX6,SP7,AHDC1,SOS1,EDA,NPR2,CHD7,SLC3A1,ETFDH,PIK3R2,ADAMTS10,RAI1,RAD21,LBR,SNAP29,TBX2,POU1F1,CCBE1,EYA1,ATRX,VPS33B,PDE4D,KCTD1,NAGA,ARID1A,ARID1B,TBX4,PPM1B,SETBP1,TRIM37,KRAS,VIPAS39,CANT1,HDAC4,SEMA3E,PTEN,ETFA,ETFB,CBL,HDAC8,SEPT9,ADAMTS2,RPS6KA3,ZIC2,SOST,RMRP,DIS3L2,TSHB
Hypospadias (HP:0000047)		0.5203825435083396	1.0777219290198987	0.28115786919378216	0.9999999999934323	0.7784593546443183	7	PTPN11,AR	ESCO2,SRD5A2,HSD3B2,PEX1,PTPN11,MID1,WDR35,KIF7,H19,POLA1,CUL4B,ICK,BMP4,FRAS1,ZEB2,DKC1,BUB1B,DCHS1,DHCR7,ATR,ATPAF2,TFAP2A,SRCAP,UBR1,PQBP1,TMEM70,HOXA13,ZMPSTE24,GRIP1,LMNA,MED12,EFNB1,TBX22,FLNA,GPC3,RBBP8,PITX2,PCNT,CREBBP,NAA10,ATRX,PDE4D,RPL35A,WNT7A,HNF1B,FIG4,DNAJC19,KIAA0196,EVC,AR,B3GALTL,POR,SETBP1,CYP21A2,STAR,HYLS1,FGFR1,FGF10,FBXL4,FAT4,UBA1,FREM2,FGFR3,FGFR2,SETD5,MAMLD1,CUL7,CDKN1C,NOTCH2,ARX,EHMT1,GATA4,HCCS,HOXD13,GLI3,SALL1,PTDSS1,SOX2,NIPBL,CHRNG,EPG5,PIEZO2,TP63,EVC2
Micropenis (HP:0000054)		0.499751158967083	1.0400595662996435	0.298312227373172	0.9999999999990018	0.7784593546443183	8	PTPN11,AR,BBS9	MKKS,DYNC2H1,BBS2,SNRPN,BBS1,SRD5A2,WDPCP,WNT5A,ZBTB16,OFD1,TACR3,PTPN11,UBE2A,CDC6,KIF7,CUL4B,BMP4,ICK,FRAS1,BUB1B,KAT6B,TBC1D20,ROR2,CEP41,DHCR7,MEGF8,KDM5C,RNU4ATAC,C2CD3,POMT2,CHD7,UBR1,HS6ST1,HOXA13,GRIP1,ACTB,ORC1,BBS9,OTX2,CEP290,BBS7,BBS5,BBS4,ATRX,TBCE,DHODH,LZTFL1,FIG4,TBX3,BBS10,AR,BBS12,FAM111A,TTC8,POR,SETBP1,ERCC2,FGFR1,STT3B,ERCC8,DCX,FAT4,ERCC6,TCF4,UBA1,RAB18,TRIM32,RAB40AL,FREM2,IFT27,RAB3GAP2,MKS1,PHF6,CDKN1C,ARL6,SEMA3E,ARX,KMT2D,EHMT1,ECE1,GATA4,HCCS,GLI2,MAGEL2,HDAC8,GLI3,DCAF17,SOX2,INPP5E,NDN,OPHN1,NEK1,KAL1,PIEZO2,FEZF1,TP63
Gynecomastia (HP:0000771)		0.509329905814848	1.0159426716947553	0.3096566870285282	0.99999999999972	0.7784593546443183	7	PROKR2,AR	DUSP6,SLC52A3,TACR3,SLC52A2,PTCH1,SDHD,SOX10,SDHB,SDHC,CUL4B,PIK3CA,SLCO2A1,NSMF,HPGD,CHD7,HS6ST1,ZBTB20,PROKR2,SH3PXD2B,FLRT3,HSD17B3,AKT1,KISS1R,AKT2,PROK2,INSR,IL17RD,WDR11,AR,FGF17,CYP21A2,PRKAR1A,SPRY4,FGFR1,PNPLA6,STUB1,RBM28,SEMA3A,KLLN,PHF6,FMR1,ALMS1,PTEN,CYP19A1,HDAC8,CYP17A1,STK11,FGF8,RNF216,HESX1,KAL1,FEZF1
Low posterior hairline (HP:0002162)		0.5457725727650526	0.9976489886670785	0.3184495971265655	0.999999999999897	0.7784593546443183	5		KCNJ8,ABCC9,B3GAT3,TMCO1,PTPN11,UBE2A,BRAF,SMC1A,KAT6B,NF1,ALDOA,RAF1,TFAP2A,SOS1,SRCAP,LRP5,RAD21,NRAS,ACTB,MEOX1,EFNB1,SHOC2,CREBBP,MAP2K2,EPHX1,MAP2K1,IRX5,GDF3,HNF1B,A2ML1,TBX6,GDF6,ZDHHC15,KIAA0196,RIT1,LHX1,KRAS,GNE,RAB3GAP2,RAB3GAP1,ACTG1,PHF8,PEPD,SMC3,HDAC8,SPRED1,NIPBL,CHRNG,ANKRD11
X-linked recessive inheritance (HP:0001419)		0.5436857286250907	0.9870859918120569	0.3236004844204461	0.999999999999943	0.7784593546443183	5	AR	GK,OCRL,UBE2A,ALG13,UPF3B,MID1,NYX,FOXP3,L1CAM,DKC1,GLA,OTC,BRWD3,IL2RG,FGD1,KIAA2022,STS,ZNF81,FLNA,GPC3,PAK3,TRAPPC2,ATP6AP2,IQSEC2,SH2D1A,FANCB,RAB39B,PHKA2,CYBB,NR0B1,PHKA1,HCFC1,POU3F4,AR,GJB1,SLC6A8,FGF16,FRMD7,OPN1MW,IL1RAPL1,BTK,SMS,IGSF1,HPRT1,UBA1,RAB40AL,GRIA3,ARX,ZC4H2,CHRDL1,SAT1,CACNA1F,CFP,GATA1,NDP,GPR179,ARSE,PDHA1,AVPR2,OFD1,SMC1A,SYN1,CUL4B,CLCN5,PIGA,ARHGEF9,ARHGEF6,EDA,KDM5C,ABCB7,PQBP1,SERPINA7,TAZ,MTM1,AFF2,MECP2,MED12,OPN1LW,IDS,PGK1,EMD,CLIC2,MBTPS2,IGBP1,TIMM8A,BCAP31,NAA10,ATRX,ATP2B3,TAF1,F8,F9,COL4A6,PLP1,CD40LG,MAMLD1,PHF6,ALAS2,FHL1,PRPS1,WAS,RPGR,HSD17B10,HDAC8,NSDHL,AIFM1,OPHN1,DMD,IKBKG,ABCD1,ATP7A
Hypertelorism (HP:0000316)		0.4441604509320728	0.9710787680201646	0.3315090558258973	0.9999999999999772	0.7784593546443183	11	FANCM	SLC12A6,ESCO2,WDPCP,PDHX,RUNX2,FRAS1,SPINT2,DCHS1,RB1,PGAP3,LRP2,LRP5,LRP4,AMER1,ACTB,ANTXR1,TCOF1,TMEM67,AKT3,AKT1,CHST14,SHOC2,ARVCF,INSR,JAG1,ALG1,ANK1,COL2A1,FAM111A,HSPG2,POR,PIK3R1,PRKAR1A,FAT4,FREM1,GNE,VSX1,FREM2,RAB40AL,CHST3,EZH2,MKS1,SIM1,TWIST1,CD79B,GLE1,BRIP1,C12ORF57,CD79A,GJA1,PTDSS1,RPS19,ANKH,ALX4,PIEZO2,COX3,SOX9,COX2,ALX3,COX1,SCARF2,ALX1,ATP6V0A2,FUCA1,NSUN2,STRADA,RIPK4,PTCH2,OFD1,TMCO1,TCF12,HBA1,PTCH1,BRAF,HBA2,PALB2,WDR35,KIF7,PAX3,LRPPRC,PAX2,RAD51C,LETM1,COL3A1,ZEB2,FAM20C,PIGL,PAFAH1B1,RAPSN,MOCS1,MOCS2,MEGF8,UMPS,DDR2,RET,FOXC1,COX7B,FLII,ADK,ELN,ACY1,PTH1R,BRCA2,MED12,SH3PXD2B,CHL1,PHGDH,CC2D2A,TRNW,MEF2C,STAT3,IL11RA,TRNQ,SLC2A10,GP1BB,FIG4,KIAA0196,MIPOL1,IGLL1,RIT1,KIAA1279,AVP,SLC29A3,IGHM,FH,PIGV,GBA,PIGO,COL11A2,PEPD,GLI3,TRNH,ADAMTSL2,CHRND,RECQL4,TRNF,TCTN3,TCTN2,SUFU,CHRNG,EPG5,COL11A1,AGA,HRAS,ZSWIM6,TFAP2B,ZBTB18,TGFB3,GK,TGFB2,SRD5A3,CRBN,B3GAT3,WNT5A,LIG4,RPGRIP1L,MID1,DPM1,SKI,PSAT1,BUB1B,FANCD2,DOK7,KAT6B,ROR2,CNTN4,B9D2,STAMBP,DHCR7,B9D1,TFAP2A,CNTN1,RAF1,NBAS,CHRNA1,NFIX,SEMA5A,MASP1,CTNND2,TRNS2,HSD17B4,ZBTB24,UBE3B,TRNS1,INPPL1,FGD1,COMT,HIRA,FBLN5,GRIP1,LMNA,NRAS,SLX4,CCND2,NSD1,EFNB1,BMPER,FLNA,SH2B1,GPC4,FGF20,FLNB,GPC3,PITX2,TTC37,SMAD3,FANCI,FANCL,MAP2K2,SMAD4,EPHX1,DDX59,FANCM,MAP2K1,FANCB,TBCE,FANCA,TRAPPC9,CASK,USB1,FANCC,A2ML1,FANCF,FANCE,TMEM231,FANCG,B3GALTL,TMEM237,IL1RAPL1,FGFR1,FGF10,SMS,ERF,CCDC22,SKIV2L,ND1,TCF3,ND4,FGFR3,ND6,FBN1,FGFR2,ND5,DOCK6,SLC26A2,NOTCH2,NELFA,WHSC1,KMT2A,ACTG1,LTBP4,FGF3,EFEMP2,SALL4,ANKRD11,ABCC9,MMP2,DNMT3B,PYCR1,PEX1,PTPN11,EIF2AK3,PEX3,TGFBR1,TGFBR2,RPGRIP1,MYH3,BMP2,PEX5,TMEM216,PIK3CA,IMPAD1,ACOX1,PEX6,ALDH18A1,ITGA8,NF1,SOS1,AHDC1,YWHAE,UFD1L,CHD7,PIK3R2,ZMPSTE24,RAI1,BLNK,LBR,SNAP29,CEP290,TBX2,TBX1,COL27A1,CCBE1,LRRC8A,ATRX,PDE4D,IRX5,RPL35A,ARID1B,TBX4,SPG20,ASXL1,TRNL1,GLB1,ERCC4,SETBP1,POLR1C,POLR1D,MAN1B1,TRIM37,KRAS,ABCD3,COLEC11,ABCD4,SEC23A,SEMA3E,EHMT1,PTEN,CBL,HDAC8,SPRED1,ADAMTS2,RPS6KA3,ZIC2,SOST,KCNJ2,RMRP,POC1A
Patent ductus arteriosus (HP:0001643)		0.4851696892587969	0.9554930137742966	0.33932843663983103	0.9999999999999909	0.7784593546443183	8	PTPN11,HOXD13,FANCM,WT1	TFAP2B,ESCO2,ACSL4,DPM1,SKI,WT1,MYCN,RBP4,KAT6B,FANCD2,EOGT,ANKS6,GTF2IRD1,DHCR7,BCOR,GTF2I,CHRM3,NFIX,HPGD,COMT,HIRA,AMER1,LMNA,ACTB,RAB23,SLX4,TCOF1,NSD1,NPHP3,FLNA,GPC3,NKX2-5,MYH11,ARVCF,PCNT,SMAD3,CREBBP,FANCI,CD96,FANCL,DTNA,SMAD4,FANCM,FOXF1,FANCB,FANCA,KCNAB2,AMMECR1,BAZ1B,FANCC,FANCF,ANK1,FANCE,FANCG,TBL2,FGFR3,FBN1,MKS1,FBN2,FTO,NOTCH2,ARX,GATA6,GATA4,BRIP1,PORCN,SALL1,GJA1,SOX2,KCNE1L,TP63,MKKS,TSFM,KCNJ8,RFC2,LIMK1,ABCC9,TMCO1,PEX1,PTPN11,DHCR24,PALB2,TGFBR1,TGFBR2,RAD51C,G6PC3,ZEB2,PIGN,UMPS,MEGF8,MYH7,SHANK3,COL18A1,MRPS16,FOXC2,FOXC1,UFD1L,ELN,CHD7,PRDM16,BRCA2,CTCF,ZMPSTE24,ADAMTS10,PHGDH,STRA6,TBX2,TBX1,IGBP1,GP1BB,THOC6,TBX5,TBX4,CLIP2,ERCC4,POLR1C,POLR1D,AGGF1,PIGT,SEMA3E,ECE1,HOXD13,GLI3,ZIC3,GABRD
Bronchiectasis (HP:0002110)		0.5230937931322313	0.8832321379407441	0.3771108608785345	0.9999999999999999	0.7784625835865324	5	DRC1	CCDC39,RSPH4A,DNAH11,DYX1C1,DNAAF3,DNAAF1,DNMT3B,LRBA,CCDC114,C21ORF59,TAP2,TAP1,TAPBP,SCNN1G,RSPH9,CD8A,ARMC4,SCNN1B,CCDC65,ATM,DNAL1,ZMYND10,DRC1,SPAG1,RIN2,RSPH1,CCDC40,CFTR,CCNO,IGHM,BLM,TNFRSF13B,CCDC103,IL21R,SCNN1A,PIK3CD,LRRC6,HYDIN,NBN,PGM3,DNAI1,DNAI2,ICOS
Epicanthus (HP:0000286)		0.4002979727150159	0.8731441864921823	0.3825844920985273	1.0	0.7784625835865324	14	FANCM,WDR19	DYNC2H1,PEX19,PDHX,PEX10,PEX12,IFT80,PEX13,SOX11,PEX14,SMARCA4,PEX16,COL1A1,DCHS1,GTF2IRD1,RB1,SMARCB1,PEX11B,FOXG1,PEX26,AMER1,ACTB,SHOC2,ARVCF,CREBBP,ALG3,BAZ1B,ANK1,PIK3R1,TBL2,WDR60,QARS,PRKAR1A,FBXL4,FAT4,GNE,RAB40AL,EZH2,SIM1,TWIST2,GATA4,GATA2,GATA1,CD79B,BRIP1,CD79A,GJA1,INPP5E,PIEZO2,ALX3,NSUN2,OFD1,TMCO1,HBA1,PTCH1,IFT122,HBA2,BRAF,PALB2,WDR35,KIF7,WDR34,RAD51C,LETM1,COL3A1,PAFAH1B1,PIGL,RAPSN,PIGN,MEGF8,ALDOA,COL18A1,RET,KIF11,ELN,PRDM16,BRCA2,PQBP1,MECP2,MED12,CHL1,ZNF469,CEP57,WDR19,WNT7A,GP1BB,ZDHHC15,FIG4,CLIP2,IGLL1,RIT1,MPLKIP,RAB3GAP2,IGHM,CHRND,RECQL4,NSDHL,TCTN3,CHRNG,COL11A1,HRAS,GABRD,SLC17A5,ZBTB18,CRBN,UQCC2,WNT5A,LIG4,HIC1,SKI,MYCN,PLOD1,COL5A2,COL5A1,BUB1B,FANCD2,ROR2,CNTN4,DHCR7,RAF1,GTF2I,NBAS,CHRNA1,SEMA5A,TNXB,MASP1,CTNND2,CHRNA7,HSD17B4,ZBTB24,UBE3B,FGD1,COMT,HIRA,EFTUD2,RAB23,SLX4,GNPTAB,TBX22,BMPER,SC5D,GPC4,FGF20,GPC3,GPC6,FANCI,CD96,FANCL,MAP2K2,EPHX1,FANCM,MAP2K1,FANCB,FANCA,KCNAB2,CASK,B3GALT6,FANCC,FANCF,FANCE,FANCG,PREPL,AMACR,TMEM237,FGFR1,TCF3,NOTCH2,NELFA,WHSC1,KMT2A,ACTG1,EBP,MPC1,SALL4,KCNJ8,RFC2,LIMK1,ABCC9,SMARCE1,DNMT3B,PEX1,PTPN11,PEX3,PEX2,DHCR24,FOXL2,IFT43,AHI1,MYH3,BMP2,PEX5,PIK3CA,ACOX1,PEX6,ITGA8,NF1,SCN4A,MAN2B1,SHANK3,SOS1,YWHAE,UFD1L,CHD7,SLC3A1,AFF2,BLNK,TBX2,TBX1,CCBE1,LRRC8A,ATRX,PDE4D,KCTD1,DDX11,ARID1A,ARID1B,TBX4,LMBRD1,ERCC4,KRAS,B4GALT7,COLEC11,ABCD3,SEMA3E,KANSL1,CBL,SEPT9,SPRED1,ADAMTS2,RPS6KA3,BUB3,RMRP,BUB1,DIS3L2
Renal agenesis (HP:0000104)		0.5178187486388285	0.8567718227108976	0.39157100096354314	1.0	0.7784625835865324	5	PTPN11,PROKR2	TBX1,MBTPS2,EYA1,ATRX,KCTD1,FANCB,FANCA,PTPN11,HNF1B,FANCC,GDF6,FANCE,PAX2,FANCD2,RPL26,FGF10,ITGA8,TBC1D24,DHCR7,FGFR3,MKS1,TFAP2A,FGFR2,RET,SF3B4,SEMA3E,CHD7,LRP4,HOXD13,RXFP2,PROKR2,PUF60,SALL4,KAL1,PHGDH,INSL3,WNT3,WNT4,TP63
Abnormality of the endocardium (HP:0004306)		0.5173745458951959	0.8545469634941469	0.3928019995930139	1.0	0.7784625835865324	5	NOD2	IL17RA,PDGFRA,IL10,LIMK1,RFC2,STAT1,SP110,CARD9,ACTN2,ABCC6,STAT4,PTPN11,HLA-B,BAZ1B,BRAF,CLIP2,TBL2,MYL3,PRKAR1A,GLA,IL17F,GTF2IRD1,MYH7,TLR4,RAF1,GTF2I,SLC22A5,MEFV,IDUA,TRAF3IP2,IL23R,ELN,NOD2,TAZ,C4A,CSRP3,CLEC7A,GJA5,MLX,IL12B,IL12RB2
Tetralogy of Fallot (HP:0001636)		0.5150319189162509	0.8428226204732681	0.39932765495981903	1.0	0.7784625835865324	5	HOXD13,FANCM,WT1	MKKS,RFC2,LIMK1,PALB2,RAD51C,SKI,WT1,ARHGAP31,EOGT,FANCD2,PIGL,ROR2,GTF2IRD1,GTF2I,CHRM3,FOXC2,RNU4ATAC,SF3B4,UFD1L,COX7B,CITED2,RPL11,ELN,RBM8A,CHD7,PRDM16,BRCA2,PQBP1,COMT,HIRA,RAB23,SLX4,SHH,RBM10,STRA6,NKX2-5,ARVCF,HIBCH,TTC37,TBX1,FANCI,FANCL,JAG1,FANCM,GDF1,FOXF1,FANCB,NR2F2,DDX11,FANCA,GP1BB,KCNAB2,FANCC,BAZ1B,FANCF,FANCE,FANCG,FIG4,KIAA0196,COL2A1,CLIP2,ERCC4,TBL2,CCDC22,ZFPM2,DOCK6,NOTCH1,SEMA3E,EHMT1,GATA6,GATA5,HOXD13,GATA4,RBPJ,BRIP1,SALL1,SALL4,GJA5,ALX3,GABRD
Autosomal recessive inheritance (HP:0000007)		0.30014882850454666	0.8371431792338024	0.40251209184158476	1.0	0.7784625835865324	49	NR5A1,DPY19L2,FANCM,WDR19,AURKC,CATSPER1,DRC1,STAG3	CACNA2D4,LARP7,SCO2,SPINT2,TFR2,TMEM126A,AGTR1,ORAI1,SAMD9,POMP,HPGD,IFT172,ATP5A1,LCAT,SPG7,DLL3,AKT2,ATP6AP2,SECISBP2,VPS13B,VPS13A,DHFR,SFXN4,F13B,FAT4,CRYAB,CHST6,CHST3,GATA6,PLA2G5,NR2E3,PLA2G6,C12ORF65,OPLAH,C12ORF57,T,RNF216,PIP5K1C,NKX3-2,FUCA1,PNPT1,JUP,IFT122,CRLF1,SLC7A7,SLC7A9,PXDN,CENPJ,DPYD,CCDC8,ISPD,HOXC13,MED17,HLCS,ATIC,C19ORF12,ZNF469,AP4S1,PKLR,IFT140,WNT7A,SLC39A13,COX6B1,DDB2,DDB1,ADAM17,ABCB11,AGPS,LARS2,CYP21A2,SDHAF1,L2HGDH,OAT,CRB1,DPYS,PRKAG2,SNX10,WRN,SMPD1,NEFL,MLYCD,JAK3,CRBN,MSH2,BFSP1,TMPRSS15,WT1,PINK1,PLOD1,UQCRQ,MSH6,AGRN,CASC5,PLOD3,PLOD2,EGFR,MFN2,MAP3K8,ZNF423,JAM3,HPS1,HPS3,C21ORF59,NEK8,UROS,HPS5,RFXANK,HPS4,HPS6,LOXHD1,MED23,MED25,TBXAS1,FTL,NOP10,CERS3,KCNE1,FTO,COL17A1,BLM,UQCRB,MMP20,CORO1A,CYP2C19,EFEMP2,NEK1,NEK2,C10ORF11,EIF2AK4,EIF2AK3,G6PC3,MFRP,PCCB,IMPAD1,RRM2B,PCCA,MYO3A,SP7,RMND1,ITGA8,ITGA7,ACO2,ITGA6,CD247,MCFD2,AARS2,SAR1B,DLX5,ADAMTS13,SPATA7,ADAMTS10,ADAMTS17,ALAD,SPR,RDH12,ADAMTS18,ACP5,B4GALNT1,SNAP29,CEP290,ACP2,CIITA,SLC36A2,TBX1,NTRK1,RNASET2,NAGA,SYT14,BCS1L,MYO1E,SUCLA2,IL2RA,KIAA0226,TRIM37,FXN,NAGS,TRIM32,AGXT,ITGB2,CANT1,C1R,DMGDH,ITGB4,DYSF,ITGB3,ETFA,PTEN,ETFB,UROC1,FOXRED1,RLBP1,MALT1,AP4M1,MTPAP,PHKG2,ARL13B,BSND,FBXO7,KCNJ1,RMRP,PGM1,NBEAL2,PEX10,MOGS,MYO7A,PEX12,PEX14,PEX16,LPAR6,RIN2,TP53,SMARCAL1,EPB42,PEX26,C4A,ACTB,HERC2,EGR2,ALG6,RAB27A,TALDO1,ALG3,MYO5A,MYO5B,IGF1,ALG1,EXT1,BTD,AIMP1,NDUFAF5,NDUFAF6,NDUFAF3,NDUFAF4,NDUFAF1,FBXL4,NDUFAF2,ATP6V1B1,CERKL,SLC45A2,BRIP1,PKHD1,TNFSF11,PIEZO2,APOE,DECR1,APOB,SFTPB,BBS2,HARS2,BBS1,SLC10A2,FSHB,KLHL3,KIF7,FSHR,MSTN,ATPAF2,DDR2,MRPS16,ACY1,GRIK2,C8A,C8B,MC2R,NEU1,GNRHR,BBS9,DFNB31,PHGDH,PCK2,BBS7,PCK1,BBS5,BBS4,GAA,GAD1,MRPS22,ITCH,APRT,GAN,TTC8,KCNQ1,KCNQ2,TCAP,PNPLA6,PNPLA1,PNPLA2,IGHM,ECM1,AHCY,GBA,AP4E1,PRICKLE1,CYP17A1,DFNB59,ENPP1,EPG5,XDH,MGAT2,HSD3B7,SPINK5,CRTAP,MRE11A,SPINK1,TYROBP,APTX,DHDDS,SDHA,SCNN1G,BUB1B,TBC1D20,SCNN1B,ANKS6,CNTN2,TBC1D24,COX20,PPIB,CNTN1,PRDM5,SCNN1A,HSD17B4,UBE3B,INPPL1,YARS2,GRIP1,RELN,SLX4,GNPTAB,TBX21,HSD17B3,FGF20,SHOX,PCNT,FGF23,TTC37,PCYT1A,CARD11,AP4B1,USB1,TMEM231,TMEM237,CLRN1,DNAL1,IFT27,IL7R,AMHR2,TACO1,UVSSA,HTRA1,CACNA1D,IGF1R,TGM1,KCNV2,PTRF,IL36RN,COX15,COX14,TGM5,RAG1,COX10,RAG2,ARFGEF2,MKKS,CAV3,CAV1,IRAK4,TTC19,TAPBP,GH1,TTI2,AHI1,IFT43,GALK1,TMEM216,ACOX1,COL7A1,ALPL,ZMYND10,FBP1,PLEC,NAT8L,MS4A1,DNAH5,TAT,SLC3A1,AGPAT2,ADAR,NT5C2,GHR,GRK1,FYCO1,CA2,CYP26B1,CA8,DNAI1,DNAI2,GIF,C4ORF26,SUOX,TBX19,GALC,ERCC1,TBX15,GALE,CYP26C1,CAT,ERCC4,RSPH9,ERCC5,MYO15A,ERCC2,ALS2,ERCC3,ERCC8,MAN1B1,ERCC6,KRAS,RSPH1,GRM1,GRM6,CBS,OXCT1,EARS2,GAMT,GLYCTK,DNAAF3,AP1S1,DNAAF2,DNAAF1,CFC1,POLR3A,POLR3B,OSTM1,ARMC4,WDR81,C2ORF71,GALT,PRSS1,ADCY1,AP5Z1,WDR62,TFG,WDR72,CSPP1,ST3GAL5,ST3GAL3,ALOXE3,PHC1,PRKCD,COL2A1,GJB3,GJB2,WDR60,TCN2,GJB4,GJB6,SNAI2,PPT1,CEP63,FREM1,GNE,FREM2,MKS1,CFD,CFI,CFH,XPA,DMP1,GNS,XPC,FARS2,BLOC1S6,GJA1,BLOC1S3,NUP62,CDK5RAP2,HMOX1,PROM1,ALX1,IL10RB,IL10RA,WDR35,GP6,FAM126A,GP9,WDR34,PHOX2A,TUBB2B,CYP11B2,GNPTG,PAH,CYP11B1,CLCF1,CEP41,PLEKHM1,MOCS1,KLKB1,MOCS2,GPI,MESP2,RBM8A,GJC2,SPTA1,EPCAM,LDHA,TTPA,TK2,CEP57,ICOS,ECEL1,RSPH4A,ELMOD3,TPK1,WDR19,GNMT,TUBB4A,KIAA0196,LZTFL1,HADHB,GATM,IGLL1,SMOC2,HADHA,SMOC1,ANGPTL3,ZNF335,GRN,NDUFA12,NDUFA10,NDUFA11,PYGL,PYGM,LYST,ADAMTSL2,MCEE,ADAMTSL4,TCTN3,TCTN2,GSC,TCTN1,SLC17A5,C8ORF37,BCHE,RARS2,GSR,TPM3,GSS,VRK1,KERA,OTOGL,EDAR,PSAT1,SLCO2A1,KAT6B,STAMBP,NBAS,PARK2,PROS1,TNF,PARK7,PAPSS2,FGD4,RAB23,CFL2,RAB28,SLC39A4,EIF2B5,FANCI,EIF2B4,FANCL,EIF2B3,FANCM,TTC21B,TRAPPC9,FANCC,PHKB,FANCF,REEP2,LHX4,LHX3,SYNJ1,DRC1,PGR,TPP1,SLC26A3,SLC26A2,TPMT,FGF3,TPO,MPC1,EIF2B2,EIF2B1,COA5,CCDC39,MGME1,SLC4A11,DNAJC6,MCM4,MCM6,SLC26A5,SLC26A4,CCDC40,CATSPER1,CEP164,TRH,UBR1,ORC6,DNAJB2,ORC1,ORC4,SMN1,LBR,SERAC1,MPDZ,PROP1,PLEKHG5,CEP135,COL27A1,FKRP,CPT1A,CR2,ADSL,UGT1A1,GFER,BPGM,ASXL1,POLR1C,APOC2,VPS45,CCDC65,CRH,RAB18,LCT,MTFMT,WIPF1,CEBPE,TCIRG1,CRX,PLG,TTN,TULP1,MTO1,SYNE4,FTCD,ADAMTS2,CEP152,IDH3B,CD320,SLC35A3,DYNC2H1,ESCO2,KRT5,SLC35A1,PDHX,DLEC1,FRAS1,CYP2U1,CIRH1A,KARS,CTH,PRKRA,SUCLG1,OBSL1,TECPR2,PANK2,STXBP2,IL21R,CISD2,LMF1,PDHB,APCDD1,AQP2,PNP,SEPN1,NIPAL4,DAG1,FKTN,COG8,SLC35C1,COG6,COG5,COG4,COG1,POR,ADCK3,KLHDC8B,ADCK4,CFTR,SLC22A5,IL1RN,MTRR,SLC35D1,MLC1,TWIST2,GBA2,CD79B,CD79A,CYP2R1,NFU1,ATP6V0A4,SIL1,TRPM6,ATP6V0A2,EDN1,EDN3,STRADA,LHFPL5,CYP7B1,TYK2,TYR,CLDN16,CLDN14,CLDN19,HMX1,MEGF8,SDCCAG8,GUCY2D,COL18A1,GUCY2C,TENM3,MTTP,HBB,LIAS,DUOX2,PSMC3IP,MEOX1,PRX,SLC22A18,SPTBN2,SLC22A12,MLH1,GP1BB,VAX1,GP1BA,THOC6,SLURP1,ALDH5A1,PDP1,ROBO3,C1QC,C1QB,C1QA,CSTB,GFM1,CSTA,TRAF3IP2,GBE1,PTS,TUFM,SZT2,PHYH,TRAPPC11,PUS1,LIFR,ALG11,COLQ,FAM161A,FANCD2,CHRNB1,TYMP,CHRNA1,HFE,COMT,FBLN5,LMNA,NT5E,NLRP7,BMPER,KISS1R,HGD,HGF,TMEM5,COL6A1,AMACR,COL6A3,SPECC1L,COL6A2,SKIV2L,CASQ2,MATN3,FGFR2,PNLIP,FCN3,ROGDI,LPL,CABP4,CABP2,SEPSECS,CDH23,LARGE,CHMP1A,SACS,HADH,HGSNAT,DARS,ATP13A2,PYCR1,COQ9,DNM2,COQ6,GRHPR,KISS1,MYH2,MYH3,COQ2,LPIN1,RFT1,BMPR1B,GPSM2,RNU4ATAC,NRXN1,MEGF10,DBH,ETFDH,HK1,RTEL1,EMG1,CASP8,MFSD8,DBT,BLNK,PDX1,POMGNT2,POMGNT1,ZAP70,MLPH,ALDH1A3,COLEC11,DDC,THRB,BRAT1,SLC4A1,SLC4A4,ARHGDIA,SIX6,PPP2R1B,CHSY1,PDSS2,PDSS1,POC1A,B3GALNT2,HES7,LINS,TSPEAR,GDAP1,ZFYVE26,UPB1,COL1A2,DES,COL1A1,RBP3,XPNPEP3,RBP4,RFX5,MYL3,RFX6,ETHE1,UQCRC2,DCHS1,MTMR2,PGAP2,SLC5A1,SLC5A2,TMEM70,SLC5A5,CLDN1,TSEN54,TMEM67,ANO10,C10ORF2,VTI1A,EXPH5,SIGMAR1,ABCA3,CFAP53,ABCA1,PMM2,ABCA4,LRBA,MARS2,ERLIN2,VPS37A,FERMT1,HSPG2,SETX,PRKAR1A,TDP1,HPD,MCPH1,FERMT3,DHH,AIRE,LIPC,SLC30A10,TRIOBP,C2,LIPA,AAAS,C3,GHRHR,CYB5R3,C5,FAM134B,C6,C7,LIPH,LIPN,HESX1,LRAT,TMC1,NSUN2,CTC1,RIPK4,TMCO1,CP,SUMF1,LMBR1,LYRM4,PIGL,PIGN,PIGM,ACAT1,PTH1R,LRRC6,LRSAM1,HSD11B2,MYO6,FLVCR2,FLVCR1,C5ORF42,P2RY12,STAT1,ARG1,IL11RA,PGAM2,PET100,ELOVL4,F2,MRPL44,F5,F7,MPLKIP,DLD,SLC29A3,PIGT,FH,PIGV,HEXA,PIGO,F13A1,COL11A2,UNG,GLRA1,RECQL4,PSMB8,IKBKB,COL11A1,EVC2,EPM2A,SRD5A3,SRD5A2,PRRX1,GPR56,CRYBB1,ZBTB16,CRYBB3,TICAM1,SLC25A38,LRIT3,TUBGCP6,ROR2,NCF1,DSC2,DSC3,PVRL1,RNASEH2C,RNASEH2B,IDUA,AKR1D1,HR,ZBTB24,FOXO1,TSEN2,HARS,FLNB,PITX2,PMS2,AICDA,TIA1,TNFRSF10B,B3GALT6,FOXN1,B3GALTL,DDOST,NT5C3A,TMIE,GGCX,MAK,RNASEH2A,NCF2,ARL6,NCF4,TACSTD2,CYP19A1,GLIS2,WISP3,GLIS3,SLC38A8,ATCAY,CPA6,KL,GFPT1,GPR98,NPC1,USH2A,MERTK,CYB5A,HAX1,NPC2,PIK3CA,DSG1,DSG4,SLC25A1,SLC25A4,NDUFB9,SLC25A3,COX4I2,POMT1,POMT2,NDUFB3,CLCNKB,ZMPSTE24,SLCO1B1,FCGR3A,DSE,SLCO1B3,ATP5E,D2HGDH,DSP,NDUFA9,MMAB,DST,VPS33B,NDUFA2,NDUFA1,DHODH,MCOLN1,CECR1,SPG20,SLC25A19,VIPAS39,SLC25A13,SLC25A12,MMADHC,SLC25A15,SPG21,SEC23B,SEC23A,FOXI1,USH1G,USH1C,SLC25A20,SLITRK6,SLC25A22,MMAA,ATP7B,PCBD1,CNNM4,SPG11,DIS3L2,SLC12A3,SLC12A6,SLC12A1,CRADD,CTNS,HFE2,PC,MGP,COL9A2,COL9A1,LRP2,KHDC3L,PEX11B,PRCD,LRP5,LRP4,STX11,MUSK,EXOSC3,ARSA,SLC34A3,ARSB,SURF1,SLC34A2,FOXF1,SLC34A1,ANK3,PRG4,RPE65,WNK1,PIK3R1,GNPAT,GCDH,VSX2,FOXE3,FOXE1,PCDH15,PRF1,RASSF1,MRPL3,SI,DYM,CD19,SCARF2,ACAD9,AASS,CTSA,ACAD8,ERCC6L2,LEPRE1,CCDC114,NR5A1,TF,ICK,TG,PTPRC,TH,ENAM,TECR,CD27,CD40,PTPRQ,TMPRSS6,TNFRSF11A,PTPRO,CCDC103,IKBKAP,TMPRSS3,IGHMBP2,SLC7A14,CD3G,BRCA2,TNFRSF11B,CD3E,IER3IP1,CD3D,ACACA,CLEC7A,KIF1A,CTSK,KIF1C,CD36,CTSF,CTSD,CTSC,VKORC1,NUBPL,GCH1,AKR1C2,ANO5,ANO6,DPY19L2,FKBP10,TNFRSF13C,TNFRSF13B,FKBP14,HEATR2,PEPD,CPN1,ACADM,HYAL1,CD59,ACADS,CCT5,HFM1,G6PC,RPGRIP1L,ALDH4A1,GFI1B,CYP24A1,GPD1,DOK7,TRAC,SBDS,DCLRE1C,DPAGT1,MASP1,MPI,SLC1A1,CD81,IHH,MPL,MPO,IBA57,NDRG1,AURKC,ATOH7,PROKR2,SH3TC2,DUOXA2,NPHP1,MPZ,NPHP3,CAPN3,BANF1,NPHP4,GPC6,NDUFV2,NDUFV1,CD96,DDX59,DOLK,SLC30A2,CYBA,DARS2,PROC,QDPR,GCLC,CDHR1,CD8A,STT3B,STT3A,BLVRA,CHAT,GATAD1,SCN9A,SNIP1,SBF2,CYC1,PRODH,SBF1,BCKDHB,TRDN,BCKDHA,VDR,LAMB3,MMP2,GALNT3,SLC52A3,PEX1,SLC52A2,LAMB2,PEX3,LAMB1,PEX2,MMP9,CLCN7,IRF1,BMP1,NDUFS8,IRF4,PEX5,ARL2BP,NDUFS7,CPS1,NDUFS6,PEX7,PEX6,NDUFS4,IRF8,NDUFS3,NDUFS2,NDUFS1,SCN4A,NPR2,PIK3R5,FUT1,LAMC3,MTR,LAMC2,MARVELD2,CPT2,TAC3,WNT1,WNT3,WNT4,POU1F1,GLRX5,DDX11,MUT,LEPREL1,KLHL41,SOD1,LMBRD1,GLB1,NPHS1,RPIA,MAT1A,NPHS2,ZP1,TAF2,RBM28,MVK,SCARB2,LAMA3,LAMA2,GOSR2,TREH,ATP2A1,CLN8,CLCN2,SOBP,SAMHD1,CLN6,CLCN1,CLN5,HMGCL,CLN3,BMS1,SCN5A,VHL,GRXCR1,UNC13D,EGF,IFT80,GALNS,ABCA12,PLCD1,NHLRC1,HOXB1,SERPINE1,PNKP,RAX,ABAT,ASAH1,PLCE1,SERPINF1,CYP1B1,HOXA2,CHST14,GNAT2,NKX2-6,NKX2-5,ELANE,TSPYL1,WNT10B,CUBN,WNT10A,DNAH11,FZD6,ZNF141,ST14,SERPINF2,MTHFR,FA2H,HOGA1,BIN1,CLPP,OGDH,GLDC,NGLY1,ENO3,SLC6A3,SLC6A5,GLE1,GCSH,SOX18,SERPINH1,GPR179,RTTN,SLC19A2,SLC19A3,ACE,CHKB,RDX,CARD9,TACR3,PAX7,PAX6,BRAF,PAX1,PRSS12,CDC6,PAX3,PAX2,LRPPRC,MRAP,GIPC3,GALNTL5,REN,ADA,ITK,RET,SERPINA1,MEFV,ZNF592,ABHD5,ADK,TRIM2,TMEM165,SERPINA6,PNPO,WWOX,IFNGR1,NDE1,SLC2A10,FMO3,TTC7A,GTF2H5,SERPINB6,BAAT,ADAT3,SERPINB7,FIG4,PLCB4,COL4A3,KIAA1279,NMNAT1,COL4A4,IVD,MSRB3,HYLS1,LAMTOR2,RHAG,PLCB1,BSCL2,TRMU,CTDP1,SERPINC1,ALMS1,AFP,ING1,CHRND,LMAN1,LFNG,CHRNE,CHRNG,RHO,RSPO4,AGA,MPV17,LDLRAP1,SEMA4A,AGK,F11,AGL,F10,F12,TAP2,TAP1,AGT,RPSA,TUBA8,STIM1,ADAM9,DHCR7,NHP2,OCA2,CHRM3,DGKE,ITGA2B,TUSC3,EPX,BEST1,IYD,CDH3,SC5D,NBN,RBBP8,TECTA,ESRRB,WFS1,ATP8B1,COASY,RNF168,ILDR1,CNGB3,CNGB1,CUL7,CD151,ATP8A2,AK1,AK2,ABHD12,GYG1,IGFBP7,GPX1,KCNJ10,IQCB1,KCNJ11,KCNJ13,ELAC2,DNMT3B,ASNS,DDHD1,DHCR24,DDHD2,NEB,PTPN14,WRAP53,RPGRIP1,SARS2,ZNF513,MMACHC,FECH,C15ORF41,TREM2,PSAP,CNGA3,AMH,SLC37A4,IMPG2,CNGA1,LHCGR,AMN,CHUK,VWF,IRX5,AMT,NGF,RAD50,EVC,ASPM,RP2,PFKM,GLRB,BOLA3,ASPH,SPAG1,ASPA,FOLR1,EIF4A3,SLC24A5,TYRP1,SYCP3,UNC93B1,SLC24A1,SGCG,DCAF17,SGCD,EDNRB,SGCB,GM2A,NAGLU,OPA3,HYDIN,SGCA,TNNI3,SOST,DYX1C1,SP110,WDPCP,CIDEC,AFG3L2,ASS1,CDAN1,NIN,SLC46A1,GORAB,ALOX12B,HPSE2,ANTXR2,ANTXR1,B2M,EYS,IL17RA,INSR,SLC6A19,GDF1,SLC11A2,GDF5,ACADSB,GDF6,BBS10,CCDC88C,CYP27A1,OCLN,BBS12,ALDH7A1,STAG3,TNNT1,STAR,LRTOMT,NODAL,HEPACAM,SLC6A20,CYP27B1,DGUOK,CYP4V2,INPP5E,TREX1,ASL,GLUL,CDT1,CDSN,SLC33A1,KRT14,AP3B1,PALB2,RAB33B,RAD51C,NME8,FAM20C,ATM,RAPSN,FAM20A,ALDOB,UMPS,KPTN,CC2D1A,ALDOA,ATR,FASTKD2,KLK4,CYP4F22,VLDLR,HINT1,NNT,AUH,UCHL1,OTOA,OTOG,FADD,STRA6,CC2D2A,OTOF,MCCC1,MCCC2,TJP2,STAC3,TRIP11,B3GNT1,DNASE1L3,RAB3GAP2,NEUROG3,RAB3GAP1,INVS,RYR1,GYS1,GYS2,DLAT,ABCG8,CA12,PDE6H,B3GAT3,PDE6G,PRSS56,FAH,DPM1,DPM2,DPM3,ARHGAP31,TMEM138,EOGT,PMP22,ISCU,B9D2,AIPL1,ABCG5,B9D1,TNXB,CIB2,NALCN,EFTUD2,MANBA,EPHX1,STIL,TBCE,TDRD7,ESR1,ACSF3,DNAJC19,ALDH3A2,RFXAP,DOCK6,SLC2A1,DOCK8,SLC2A2,LTBP3,ESPN,LTBP4,CSF2RB,LTBP2,PDZD7,PSPH,TSFM,ABCC2,ABCC8,ABCC6,DTNBP1,ALDH18A1,MAN2B1,FAN1,H6PD,ABCB4,B4GALT1,STK4,ERBB2,GMPPA,ERBB3,GMPPB,HIBCH,MUTYH,FGA,FGB,CCBE1,FGG,LCA5,KCTD7,TSHR,POMC,SAG,B4GALT7,DHTKD1,TSEN34,ABCD4,ACADVL,HSPD1,SGSH,KRT85,LTC4S,ACAN,POLE,LRIG2,PDE6D,PDE6C,PDE6B,POLG,PDE6A,GUSB,POLH,TSHB
Aseptic necrosis (HP:0010885)		0.507346857483251	0.8044762490128133	0.42112198080681806	1.0	0.7784625835865324	5	NOD2	SMAD3,CTC1,CREBBP,IL10,TINF2,STAT4,PTPN11,HLA-B,USB1,EXT1,COL2A1,EXT2,WRAP53,CLCN7,DKC1,SLCO2A1,NOP10,TLR4,NHP2,SCARB2,PHF6,MEFV,GBA,IL23R,HPGD,HBB,TERC,IKBKAP,TRPS1,NOD2,RTEL1,C4A,COMP,CA2,SH3PXD2B,TERT,IL12RB2
Frontal bossing (HP:0002007)		0.44267975707172635	0.794612595216835	0.426838889442962	1.0	0.7784625835865324	9	FANCM	DYNC2H1,FNBP4,CTNS,UPF3B,IFT80,RUNX2,COL1A2,COL1A1,OBSL1,SATB2,LRP4,AMER1,ANTXR1,TCOF1,EDARADD,CREBBP,SLC34A3,COL2A1,FAM111A,POR,PIK3R1,WDR60,GNE,GCDH,ARX,GNS,TWIST1,PLA2G6,EDA2R,C12ORF57,BRIP1,CYP27B1,PTDSS1,SOX2,CYP2R1,ALX4,ATP6V0A2,FUCA1,PDHA1,PTCH2,OFD1,TCF12,HBA1,PTCH1,IFT122,HBA2,BRAF,PALB2,WDR35,KIF7,H19,WDR34,RAD51C,LETM1,MMP14,CCDC8,PAFAH1B1,PIGL,MOCS1,MOCS2,MEGF8,KPTN,ISPD,DDR2,FOXC1,FLII,ADK,PRDM16,PTH1R,BRCA2,MED12,ATIC,NEU1,CTSK,COL10A1,CEP57,MBD5,STAT3,WDR19,ITCH,KIAA0196,SMOC1,TRIP11,FH,CDKN1C,HOXD13,SNX10,PHEX,GLI3,RECQL4,OPHN1,SUFU,COL11A1,HRAS,IKBKG,GABRD,TGFB1,GK,B3GAT3,WNT5A,TRPV4,OCRL,LIFR,MID1,EDAR,SKI,BUB1B,FANCD2,ROR2,BRWD3,NFIX,IDUA,CHRNA7,HSD17B4,INPPL1,SLX4,NSD1,EFNB1,FLNA,FLNB,GPC6,MSX2,PITX2,TTC37,FANCI,FANCL,MAP2K2,KIF22,DDX59,FANCM,MAP2K1,MPST,AIP,FANCB,TBCE,FANCA,KCNAB2,FANCC,FANCF,FANCE,CAMKMT,FANCG,B3GALTL,PREPL,AMACR,TRAF6,FGFR1,ERF,CCDC22,FGFR3,FBN1,FGFR2,FBN2,CUL7,SLC26A2,NELFA,WHSC1,FMR1,EBP,ANKRD11,VDR,MMP2,PYCR1,HMGA2,DHCR24,IFT43,CLCN7,NFKBIA,PEX5,TMEM216,PIK3CA,PEX7,ACOX1,ALDH18A1,ALPL,MAN2B1,EDA,DLX3,YWHAE,NPR2,SLC3A1,TRPS1,PIK3R2,RAI1,DSE,ORC1,LBR,D2HGDH,TBX2,MBTPS2,POU1F1,LEMD3,TBX4,PTHLH,PPM1B,GLB1,ERCC4,SETBP1,POLR1C,POLR1D,TRIM37,KRAS,HDAC6,HDAC4,SEC23A,TCIRG1,PTEN,RPS6KA3,SOST,KCNJ1,BUB3,RMRP,BUB1
Recurrent fractures (HP:0002757)		0.48722627737225865	0.7906428234164532	0.42915244992590895	1.0	0.7784625835865324	6	PROK2,PROKR2,NSMF,SEMA3A,FGF8	CRTAP,MOGS,OCRL,LIFR,SOX10,DKK1,RUNX2,COL1A2,COL1A1,MTAP,DKC1,NSMF,SQSTM1,PPIB,NHP2,IFITM5,NFIX,SEMA5A,PRDM5,CTNND2,GORAB,LRP5,PLOD2,HS6ST1,ANTXR2,FBLN5,PROKR2,FLRT3,KISS1R,PDE8B,FGF23,PROK2,IDH1,SLC34A3,FZD4,CASR,WNT3A,IDH2,UROS,USB1,IL17RD,EXT1,EXT2,COL2A1,FGF17,FAM111A,PRKAR1A,FGFR1,GNAS,SMS,NOP10,FGFR2,NOTCH2,GATA1,GLE1,CYP27B1,FGF8,EFEMP2,CYP2R1,TNFSF11,HESX1,KAL1,SOX9,FEZF1,CTC1,DUSP6,VDR,LEPRE1,CAV1,PYCR1,TACR3,EIF2AK3,WRAP53,CLCN7,CLCN5,ALPL,LPIN2,TNFRSF11A,TERC,CHD7,IKBKAP,TNFRSF11B,AGPAT2,PDE11A,RTEL1,CA2,TERT,CTSK,WNT1,ZNF469,STAT3,VPS33B,TINF2,FOS,ANO5,LEMD3,WDR11,FIG4,SPRY4,TRIP11,KRAS,VIPAS39,BSCL2,SLC29A3,SCARB2,SEMA3A,FKBP10,GBA,TCIRG1,PTEN,SNX10,PHEX,CBS,HRAS,ATP7A
Polycystic ovaries (HP:0000147)		0.4781680207797603	0.7435236467234189	0.4571647105244143	1.0	0.8104283504750981	6		BBS2,MKKS,MAP3K1,BBS1,HARS2,LIMK1,RFC2,WDPCP,CBX2,CAV1,BBIP1,PTCH1,SDHD,SDHB,SDHC,NR5A1,PIK3CA,FSHR,ATM,GTF2IRD1,SDCCAG8,GTF2I,ELN,HSD17B4,PPP1R3A,AGPAT2,ANTXR2,BMP15,LMNA,PSMC3IP,NPHP1,AKT1,AKT2,MSX1,BBS9,BBS7,CEP290,BBS5,BBS4,INSR,DMRT2,DMRT1,FOS,NR0B1,BAZ1B,LZTFL1,BBS10,CLIP2,BBS12,POR,TTC8,HNF1A,TBL2,LARS2,CLPP,PPARG,GNAS,TRIM32,IFT27,MKS1,BSCL2,KLLN,DHH,ARL6,ALMS1,PTEN,PLG,SOX3,NSDHL,SRY,SOX9
Autosomal dominant inheritance (HP:0000006)		0.3019958088584001	0.7220314890705476	0.47027511778004594	1.0	0.815143537485413	43	NR5A1,LRRK2,STRC,KLHL10,NOD2,NANOS1,HOXD13,PTPN11,SLC26A8,PRKG1,AR	DICER1,GDAP1,PDYN,DES,COL1A2,SLC5A7,COL1A1,CYP2C9,SCO2,MYL2,MYL3,RFX5,IL31RA,OPTN,HCN4,PON1,HPGD,SPG7,SLC5A2,MUC1,SRPX2,TCOF1,KCNQ1OT1,C10ORF2,AKT1,STOM,AKT2,SNCA,SNCB,KLF11,CREBBP,JAG1,ABCA1,NR2F1,VANGL2,AR,GIGYF2,VANGL1,FAM111B,MLLT10,FAM111A,SETX,CYP2A6,KCNMA1,PRKAR1A,STRC,VAMP1,HPD,CRYAB,CHST3,EZH2,CRYAA,FLG,AIRE,GATA6,PDGFB,NR2E3,GATA4,GATA3,GATA2,MYLK,RBPJ,GRIN2B,GRIN2A,EPB41L1,HESX1,MNX1,TMC1,MYBPC3,JUP,ROM1,PTCH2,NIPA1,PTCH1,FN1,TMEM43,ZNF35,LMBR1,LYZ,MMP13,COL3A1,MYOT,SLC7A9,FXYD2,CCDC6,PRPH2,HRG,KCNC3,LITAF,PTH1R,CTCF,LRSAM1,MECP2,ATXN3,ATXN2,SHH,ATXN8,ATXN7,MYO6,CASP10,MYOC,ATXN1,HCRT,HSD11B1,GNAS-AS1,MBD5,EGLN1,CDKL5,NANOS1,STAT1,PKLR,STAT3,ELOVL4,ADAM10,F2,F5,SDHAF2,PPARG,PIGT,FH,RNASEL,KCNA1,COL11A2,HTT,ATL3,PRKAG2,KCNA5,ATL1,TUBA1A,JPH2,GLRA1,ZFYVE27,JPH3,NEFL,COL11A1,ZSWIM6,JAK2,ZBTB18,SLC16A1,MAP3K1,SEPT12,PRRX1,CRYBB2,MSH2,TICAM1,FOXP2,FOXP1,SKI,WT1,BFSP2,MSH6,PKP2,ROR2,SQSTM1,TARDBP,DSC2,KANK1,HR,ATN1,NRAS,SH3BP2,MFN2,FLNB,FLNC,PITX1,PITX3,PITX2,ZNF423,PMS2,SH2B3,KCNH2,TIA1,KCND3,FBXO38,RFXANK,EEF2,NFKB2,SLC9A3R1,MAF,MINPP1,MYD88,TBXAS1,FSCN2,FTL,SNRNP200,REG1A,BLK,KCNE1,BEAN1,KCNE2,KCNE3,KMT2A,KMT2D,FASLG,CYP19A1,EFEMP1,STK11,NIPBL,UROD,HNRNPDL,ZNF644,CPA6,DNM1L,PRRT2,KCNJ5,FUS,BDNF,ITGA2,GPR98,FUZ,FOXL2,HTR1A,SPTB,TNFRSF1A,PIK3CA,RRM2B,HLA-DRA,DSG1,DSG2,ITGA8,FCGR2C,CALR3,DLX3,SLC25A4,KCNK9,LRRK2,GMPS,MLLT1,MLLT3,BICD2,CDC73,SPR,ACP5,CIITA,SLC36A2,NTRK2,DSP,TBX1,NTRK1,LRRC8A,TBX6,TBX5,TBX4,CECR1,TBX3,PPM1D,MYO1A,ATXN10,P4HB,MET,TRIM33,NOP56,MYLK2,FLT3,FLT4,ITGB4,ITGB3,PTEN,ECE1,TSPAN12,PRIMPOL,RLBP1,SYNGAP1,SLITRK1,CNNM2,KRIT1,KCNJ2,TRIM24,ACVR1,ACTN2,CNBP,ACTN1,NBEAL2,MYO7A,SMARCA4,LPAR6,COL9A2,COL9A1,CCM2,COL9A3,EPHA2,TP53,CALM1,CES1,EPAS1,STX16,EPB41,SMARCB1,PRCC,LRP5,LRP4,PPP1R3A,ACTB,CSNK1D,KDR,CCDC78,MSR1,EGR2,SLC34A1,HNF1B,ANK1,ANK2,EXT1,EXT2,PIK3R1,HNF1A,WNK1,WNK4,SCN2A,VSX1,CETP,FOXE3,PIEZO1,TTBK2,TMPO,BRIP1,ANKH,KIF21A,PIEZO2,A2M,SCN1A,SEC63,APOB,SCN1B,TP63,SFTPC,SFTPD,NCOA4,HBA1,KLHL3,HBA2,KIF7,OSMR,NR5A1,KITLG,ENAM,KLHL7,CFHR5,FSHR,CRELD1,CALR,DEPDC5,GNRH1,AARS,FOXC2,FOXC1,KIF11,TNFRSF11A,PCSK9,BRCA2,CD3E,KCNT1,KIF1A,HNF4A,GNRHR,KIF1B,CD36,NPM1,VKORC1,GCH1,ANO5,ANO3,MIB1,MN1,DSPP,PER2,NLRP12,KIT,RIT1,KCNQ1,KCNQ2,KCNQ3,KCNQ4,TCAP,IL17F,DYNC1H1,RP1L1,FKBP10,TNFRSF13B,CRYBA1,CRYBA2,CRYBA4,PRICKLE2,GNAI2,GNAI3,SPTLC1,SPTLC2,PCM1,POFUT1,EP300,ENPP1,SUFU,SPTAN1,TFAP2B,SPINK5,PDGFRB,PDGFRA,PRLR,KIRREL3,G6PD,HBE1,MOG,SDHD,SPINK1,SDHB,SDHC,GRIN1,GCK,PDGFRL,SDHA,SCNN1G,GFI1B,COL5A2,CYP24A1,COL5A1,SCN8A,SCNN1B,DPEP1,RAF1,TFAP2A,YAP1,DPAGT1,NEXN,SCNN1A,IHH,UBE3A,MPL,CPOX,UBE3B,ATP2C1,KIF5A,SH3TC2,KIF5C,CAPN5,MPZ,TBX20,HSF4,GPC3,MSX1,MSX2,SHOX,FGF23,ARHGEF12,IGF2R,CARD11,TGIF1,YARS,HBG1,CASR,KIF22,HBG2,PRNP,NAT1,PROC,GNAL,PICALM,KIF2A,GNAQ,MKRN3,FGF10,GNB4,GNAS,POLG2,TCF4,CARD14,FGF14,ARHGEF10,FBN1,FBN2,BLVRA,VCL,TSG101,UBIAD1,VCP,CACNA1A,CACNA1C,HTRA2,ACTG1,PSEN1,PLAU,CACNA1D,PSEN2,PLAT,IGF1R,KLHL10,ACTG2,SCN9A,NPPA,ERMARD,CAMTA1,CACNA1S,TGM6,SH3GL1,ZFHX4,VDR,FIGLA,CAV3,CAV1,HMGA2,ETV1,HMGA1,SSTR5,GH1,ACVR2B,ETV6,ACTA2,VCAN,CLCN7,BMP4,ACTA1,BMP2,COL7A1,GNAO1,ALPL,RBM20,SCN4B,IRF6,CYCS,SCN4A,PLEC,OPN1SW,GCM2,RTN2,DIABLO,SLC3A1,LMNB1,CHD7,PIK3R2,ADAR,CHD2,RAI1,AFF1,CA4,WNT4,TBP,POU1F1,CDK11B,EYA1,EYA4,TPBG,GIP,THAP1,SOD1,PTHLH,PNKD,MAT1A,SETBP1,KRAS,MVK,PRKCSH,LAMA4,RB1CC1,ATP2A2,DCTN1,LDB3,INS,ACTC1,NR3C2,CBL,NR3C1,CLCN1,SAMHD1,LYL1,POLD1,ZIC2,BMS1,SCN5A,VHL,SNTA1,NUP214,SERPIND1,SOX10,CFC1,MTAP,HMBS,SCN10A,VIM,GPD1L,CYP1A2,TEK,CYP1A1,PLCD1,RB1,SF3B4,PRSS1,RPL11,SERPINE1,ADCY5,PPOX,ASAH1,RNF6,DCAF8,ASCL1,SRP72,MYB,TFG,PABPN1,RPL15,NKX2-1,HOXA2,GNAT1,NKX2-5,NCSTN,PROK2,ELANE,EDARADD,PRKCG,FZD4,DMPK,WNT10A,TNNC1,CEL,SLC16A12,MASTL,COL2A1,GJB3,GJB2,GJB4,GJB6,SNAI2,UNC119,SERPING1,FREM1,GNE,RPL5,C9ORF72,CFH,SLC6A2,SLC6A5,GJA1,SOX18,GJA3,SOX17,GJA5,GJA8,ALX4,PLCG2,PROM1,TCF12,PAX4,PAX6,BRAF,H19,PAX3,PHOX2B,PAX2,ZEB1,GLUD1,CYLD,INF2,ZEB2,TUBB2B,PAX9,TAL1,CYP11B1,RARB,GARS,REN,RET,GABRB3,MEFV,TERC,ELN,PRDM16,SERPINA6,GJC2,SPTA1,DEC1,CSRP3,HBQ1,COL10A1,TIMP3,TEAD1,WWOX,CDKN2A,PLIN1,ELP4,TUBB4A,WDR11,FIG4,KIAA0196,MIPOL1,PLCB4,COL4A1,COL4A3,COL4A2,AGBL1,SMOC2,ANGPTL3,ENG,HBEGF,RGR,BSCL2,CDKN1B,CDKN1C,GRN,SERPINC1,GUCA1B,AFP,HOXD13,ABCC11,GLI2,GUCA1A,HOXD10,GLI3,CHRND,RNF135,CHRNE,SCN11A,CHN1,RHO,SLC17A8,SEMA4A,GSN,TOR1A,F11,ANKRD26,TPM3,DIO1,F12,TPM2,RPS7,MITF,RPSA,EDAR,STIM1,AAGAB,SNRPE,POGLUT1,PARK2,CSF3R,NFIX,ITGA2B,PROS1,TUBB1,TNC,TNF,BEST1,NSD1,CDH1,TUBB3,TPM1,SMARCAD1,LZTS1,TECTA,WHSC1L1,GLMN,WFS1,RNF170,ATP8B1,AIP,DYRK1A,GFAP,MAFB,PGD,RAX2,CACNB2,REEP2,REEP1,CACNB4,LHX4,PITPNM3,EIF4G1,ERF,DNMT1,MAD1L1,CSF1R,NOTCH3,NOTCH1,NOTCH2,CBFB,CUL3,PHB,MAGEL2,FGF5,C1QTNF5,SALL1,FGF8,FGF9,BAG3,IGHG1,SALL4,RIMS1,PI3,ANKRD11,ABL1,MEN1,KCNJ11,KCNJ13,TRPA1,ASNS,PTPN11,APOA5,APOA4,APOA1,DNAJC5,NF2,NF1,SLC26A8,SERPINI1,SOS1,ZNF750,BMPR2,FECH,SRCAP,ITPR1,RAD21,KBTBD13,PSTPIP1,DNAJB6,LBR,DRD2,TNPO3,PRKG1,LHCGR,CEACAM16,RCVRN,VWF,KLF1,LEMD3,GABRG2,EVC,ASXL1,RAD51,KLF6,VAPB,IMPDH1,TST,P2RX2,POLR1D,ANG,TLL1,RP9,SFTPA2,CEBPA,SLC24A5,PLAG1,SYCP3,SEMA3E,SYNE1,CRX,TTN,COCH,SYNE2,TTR,PLN,EDNRA,EDNRB,SGCD,SART3,SGCE,OPA1,PUF60,OPA3,TNNI2,TNNI3,SOST,CACNG2,VPS35,CCDC50,BCO1,CDON,KRT1,KRT5,KRT4,KRT3,KRT2,RUNX1,KRT9,PSG1,DLEC1,MAPK8IP3,RUNX2,AFG3L2,APC,NSMF,DNA2,PFN1,APP,STXBP1,IFITM5,NOD2,AQP5,HS6ST1,APCDD1,AQP2,SEPN1,CHEK2,SHOC2,INSR,DTNA,SLC6A19,GDF1,GDF3,GDF2,PAPPA,GDF5,GDF6,TUBG1,TOPORS,TNNT2,TNNT3,TSHZ1,ZFPM2,NODAL,ITM2B,RPS24,BAP1,HEPACAM,LHB,GFI1,TWIST1,SLC6A20,GOLGA5,SOX2,PTDSS1,RPS17,RPS19,FTH1,TREX1,SOX9,TRPM4,RPS14,EDN1,EDN3,CDSN,SLC33A1,KRT14,AMPD1,KRT12,KRT10,MLF1,TYR,NME1,MAPT,KRT17,KRT16,MIR17HG,CEACAM5,RDH5,MIR184,ATR,RAB7A,GUCY2D,GUCY2C,ACVRL1,CITED2,HBB,HBD,UMOD,PRX,SLC22A18,DISC2,SPTBN2,HBZ,NEUROD1,RANBP2,MLH1,NOG,GP1BA,MLH3,PRPF31,AVP,DFNA5,RYR2,PTH,RYR1,SLC20A2,CTNNB1,ROBO2,CST3,CXCR4,HRAS,CTNNA3,MYOZ2,CORIN,TGFB1,CA12,CHRNB2,TGFB3,TGFB2,PDE6H,WNT5A,TRPV3,TRPV4,TSC2,TSC1,GRHL2,GRHL3,POU4F3,MYCN,ARHGAP31,FAS,TGFBI,PMP22,CHMP4B,STEAP3,CHRNB1,CHRNA2,CHRNA1,CHRNA4,NOL3,TNXB,NRL,ATP1A3,PVR,ATP1A2,FBLN1,HOXA13,EFTUD2,FBLN5,LMNA,HOXA11,COMP,MYH14,NLRP3,KISS1R,NLRP1,PDE8B,MYH11,KRT6C,SMAD3,SMAD4,EPHX1,IDH2,SMAD6,SMAD9,DIAPH1,PRPF6,DIAPH3,COL6A1,GDNF,COL6A3,RFXAP,PRPF3,COL6A2,TLX1,CHMP2B,FGFR1,CDH15,LPA,FGFR3,MYF6,MATN3,FGFR2,LPL,SLC2A1,DOCK8,LPP,SLC2A9,UBB,CRYGS,ABCC8,ABCC9,ABCC6,CBX2,AXIN2,AXIN1,TGFBR1,TGFBR2,DNM2,CRYGD,RASA1,NFKBIA,MYH3,CRYGB,CRYGC,PIKFYVE,MYH9,MYH6,MYH7,BMPR1A,MYH8,BMPR1B,ABCB4,ABCB6,HSPB8,HSPB3,EHHADH,TRPS1,DBI,PDE11A,MIR96,HSPB1,FAM83H,SPAST,CASP8,ERBB4,THPO,ERBB2,OTX2,FGA,MUTYH,RHBDF2,LGI1,DCC,TINF2,PDE4D,KCTD1,PDX1,DCK,ARID1A,ARID1B,KRT74,DCN,TSHR,ALDH1A1,LMX1B,COL8A2,MATR3,KRT83,KRT81,PKD1,THRB,THRA,SIX1,EHMT1,SLC4A1,PPP2R2B,KANSL1,HSPD1,KRT86,PKD2,KRT85,SEPT9,FLCN,ACAN,SPRED1,SIX5,GNA11,SIX3,ATXN8OS,PDE6B,POLG
Dental malocclusion (HP:0000689)		0.4866515672438416	0.7023020073650398	0.4824908416791882	1.0	0.8181366445864495	5		TGFB2,LIMK1,RFC2,WNT5A,OFD1,OCRL,PTPN11,PTCH1,PAX6,BRAF,PAX1,RUNX2,SKI,FRAS1,ENAM,RAPSN,ROR2,DCHS1,GTF2IRD1,BCOR,ATR,CHRNB1,SHANK3,SOS1,GTF2I,FOXC1,ELN,CHD7,TRPS1,LRP5,AMER1,RAI1,GRIP1,FAM83H,CA2,SH3PXD2B,TCOF1,FLNA,GPC3,CYP1B1,MUSK,PITX2,KDM6A,SMAD3,PCYT1A,CREBBP,WNT10A,IRX5,PDE4D,BAZ1B,SLC39A13,THOC6,FERMT1,PLCB4,CLIP2,PIK3R1,TBL2,POLR1C,PRKAR1A,POLR1D,ASPH,ERCC8,GNAS,ERCC6,FAT4,FREM2,RAB40AL,FGFR2,NOTCH2,SEMA3E,PTEN,HDAC9,GLI2,FGF3,GNAI3,CHRNE,PORCN,UBB,EP300,RPS6KA3,SOST
Pes cavus (HP:0001761)		-0.34966494826676725	-0.6735831665637015	0.5005763581983507	1.0	0.8307437433930075	10	PEX7,SACS,EGR2	PHYH,TPM3,TRPV4,SOX10,APTX,GDAP1,ZFYVE26,L1CAM,SLC5A7,KARS,NSMF,PMP22,PCNA,IDUA,HSD17B4,SPG7,HS6ST1,ZBTB20,DCAF8,KIF5A,FGD4,LMNA,PROKR2,FLRT3,LAMP2,SH3TC2,NSD1,MPZ,NLRP3,MFN2,ANO10,KISS1R,PROK2,EGR2,ERLIN2,FBXO38,VPS13A,MAFB,IL17RD,COASY,REEP2,GJB1,B3GALTL,REEP1,FGF17,SLC6A8,SETX,GJB2,ADCK3,BIN1,TDP1,FGFR1,VAMP1,GNB4,FGF14,EZH2,FBN1,GBA2,FGF8,ABHD12,BAG3,CHMP1A,KAL1,HESX1,SACS,SBF2,FEZF1,PDK3,DUSP6,NSUN2,SLC33A1,CAV3,MMP2,TACR3,NIPA1,DDHD1,CYP7B1,DNM2,CUL4B,ACTA1,INF2,PEX7,GARS,RAB7A,MYH7,AARS,RET,RTN2,HSPB8,CHD7,TRIM2,LITAF,PQBP1,LRSAM1,HSPB1,GJC2,DNAJB2,MECP2,PRX,IDS,TTPA,LBR,C19ORF12,KIF1B,B4GALNT1,PLEKHG5,GCH1,WDR11,KIAA0196,SPG20,GAN,ALS2,SPRY4,PLP1,FXN,DYNC1H1,BSCL2,SEMA3A,GBA,CTDP1,PRPS1,ATL1,PRICKLE2,SPTLC1,AIFM1,NEFL,POLG,ATP7A,SPG11
Webbed neck (HP:0000465)		0.46952834890818407	0.619344128492374	0.5356896794747905	1.0	0.8704957291465345	5		MAP2K2,NAA10,MAP2K1,B3GAT3,TPM2,IRX5,GDF3,PTPN11,A2ML1,BRAF,GDF6,B3GALTL,MYH3,RIT1,TNNT3,KAT6B,PIGL,SMS,NF1,RAPSN,KRAS,BCOR,MEGF8,RAF1,MKS1,SOS1,RB1,CHRNA1,FOXC2,SEMA3E,ACTG1,CHD7,GATA2,AMER1,CHRND,GLE1,NRAS,ACTB,MEOX1,RPS19,BMPER,CHRNG,TNNI2,GPC4,GPC3,HRAS,SHOC2
Hepatomegaly (HP:0002240)		0.4495205216826884	0.5971698346887052	0.5503939967543616	1.0	0.8761373825885757	6	CFTR	PEX19,MOGS,PEX10,CIDEC,CTNS,HFE2,PEX12,SOX10,PEX13,PEX14,PEX16,ASS1,GALNS,PC,RBCK1,STX1A,GALT,HPGD,PEX11B,IFT172,LRP5,LCAT,EWSR1,IL2RG,TMEM70,ASAH1,PEX26,CLDN1,STX11,KCNQ1OT1,TMEM67,ARSB,ABCA1,PMM2,PRKCD,COG6,SH2D1A,BCL11A,COG4,MIF,RAB27A,ALG1,PHKA2,VPS13A,DHFR,BTD,OCLN,ALDH7A1,FAM111A,GNE,FERMT3,GCDH,CFTR,SLC22A5,IL1RN,PIEZO1,PRF1,PDGFB,GNS,GATA2,SLC30A10,LIPA,MRPL3,DGUOK,PKHD1,INPP5E,HMOX1,TNFSF11,TREX1,ASL,APOE,SEC63,CTC1,FUCA1,HBA1,TET2,IFT122,HBA2,AP3B1,CYP7B1,BRAF,SUMF1,LYZ,H19,SLC7A7,PTPRC,KRT17,KRT16,PIGA,CD27,PIGM,ALDOB,ADA,ITK,ATPAF2,GUCY2D,SERPINA1,MEFV,ABHD5,FASTKD2,HBB,TERC,TMEM165,MECP2,EPCAM,AUH,TERT,CASP10,IDS,NEU1,CTSK,CC2D2A,ICOS,MLH1,IFT140,GAA,PET100,FOS,GNMT,MLH3,ITCH,COX6B1,F5,ABCB11,RIT1,XIAP,HADHA,DLD,CD40LG,DNASE1L3,AGGF1,PNPLA2,SLC29A3,BSCL2,TRMU,CDKN1C,GFM1,GBA,TNFRSF13B,SLC20A2,ALMS1,PYGL,PEPD,SNX10,LYST,ADAMTSL2,PSMB8,IFIH1,ACADM,SMPD1,AGA,MPV17,JAK2,SLC17A5,HSD3B7,G6PC,TGFB1,TUFM,PDGFRB,PDGFRA,AGL,ALG13,LIG4,RPGRIP1L,MSH2,FAH,DPM1,WT1,GPD1,DKC1,FAS,SLCO2A1,KAT6B,MSH6,NCF1,SBDS,COX20,STEAP3,RAF1,NHP2,DCLRE1C,MPI,IDUA,AKR1D1,HFE,HSD17B4,MPL,CPOX,INPPL1,YARS2,KRT6A,LMNA,NRAS,GNPTAB,NSD1,NPHP3,SC5D,NLRP3,GPC4,GPC3,PMS2,JAM3,PMS1,KRT6B,SLC39A4,TTC37,CARD11,HBG1,CD96,CASR,HBG2,ATP8B1,DOLK,CYBB,PHKB,USB1,CYBA,A2ML1,MYD88,AMACR,SKIV2L,RNASEH2A,NOP10,FBN1,IL7R,NOTCH2,NCF2,NCF4,TACO1,FASLG,PTRF,MPC1,LRRFIP2,COX14,RAG1,RAG2,COX10,COA5,HGSNAT,TSFM,ABCC2,CAV1,PEX1,PTPN11,EIF2AK3,PEX3,NPC1,PEX2,TNFRSF1A,TGFBR2,WRAP53,CLCN7,G6PC3,IL6,PCCB,PEX5,NPC2,PCCA,PIK3CA,ACOX1,RFT1,APOA1,PEX6,MCM4,RMND1,MAN2B1,FBP1,LPIN2,BMPR1A,SOS1,SLC25A1,ABCB4,COX4I2,CHD7,C15ORF41,ETFDH,AGPAT2,RTEL1,CA2,PSAP,CPT2,LBR,SLC37A4,FGA,RHBDF2,CPT1A,MMAB,VPS33B,TINF2,KLF1,NAGA,MUT,CECR1,SLC25A19,GLB1,ZAP70,GALE,APOC2,BOLA3,VPS45,ERCC8,TRIM37,ERCC6,KRAS,VIPAS39,SLC25A15,MVK,SCARB2,ABCD3,ACADVL,PRKCSH,DCTN4,TCIRG1,ETFA,ETFB,SGSH,HMGCL,CBS,PHKG2,POLD1,NAGLU,SLC25A20,MMAA,ATP7B,POLG,GUSB,RMRP,DIS3L2,EARS2
Ventricular septal defect (HP:0001629)		0.4182057853567438	0.5744959197153884	0.5656322608859652	1.0	0.8823863269821056	8	PTPN11,HOXD13,WT1	TFAP2B,PEX19,ESCO2,PEX10,PEX12,PEX13,PEX14,PEX16,WT1,ARHGAP31,MGP,EOGT,KAT6B,ROR2,STAMBP,GTF2IRD1,DHCR7,BCOR,GTF2I,CHRM3,LRP2,XYLT1,PEX11B,IFT172,LRP5,COMT,PEX26,HIRA,HOXA13,AMER1,EFTUD2,CRKL,RAB23,CCND2,NSD1,AKT3,RPL15,GPC4,FLNB,GPC3,GPC6,CHST14,SHOC2,NKX2-5,ARVCF,TTC37,CREBBP,CD96,DTNA,JAG1,FOXF1,GDF1,NR2F2,GDF3,VPS13B,B3GALT6,BAZ1B,GDF6,COL2A1,B3GALTL,BCR,TBL2,WDR60,CCDC22,NODAL,CHST3,FBN1,FGFR2,FBN2,FTO,NOTCH2,KMT2D,ARX,GATA6,GATA4,CACNA1D,GATA3,LTBP2,SMC3,PORCN,SALL1,GJA1,SOX2,NIPBL,SALL4,RPS19,NEK1,ANKRD11,PIEZO2,SLC19A2,TP63,MKKS,RFC2,LIMK1,PEX1,PTPN11,PEX3,PEX2,PALB2,SMC1A,ACVR2B,MEIS2,ZEB2,PEX5,PIK3CA,IMPAD1,PEX6,RARB,PIGL,DSG1,UMPS,SHANK3,SOS1,FOXC2,UFD1L,CITED2,RBM8A,ELN,CHD7,PIK3R2,UBR1,PQBP1,ADAMTS10,MED12,RAD21,MEOX1,SNX3,DSE,ERBB3,FADD,LBR,SMN1,PHGDH,STRA6,CEP290,CEP57,TBX1,IGBP1,CCBE1,NAA10,VPS33B,ATRX,RPL35A,DDX11,TTC7A,GP1BB,TBX5,TBX3,FIG4,KIAA0196,EVC,ASXL1,CLIP2,RIT1,HYLS1,MPLKIP,KRAS,VIPAS39,SLC29A3,MTFMT,CANT1,SEMA3E,COL11A2,ECE1,HCCS,KANSL1,HOXD13,HDAC8,GLI3,NSDHL,ZIC3,TCTN3,HRAS,MAPK1,MGAT2,EVC2
Short neck (HP:0000470)		0.3841911764705903	0.5191195107698628	0.6036774033344212	1.0	0.917796100326333	10	GATA4,BBS9,BMPER,PTPN11,ATRX,NF1,MAP2K1,SOS1,SOX9	HES7,ESCO2,CRBN,WDPCP,B3GAT3,WNT5A,TPM2,BBIP1,TRPV4,UBE2A,LIFR,BUB1B,DOK7,ROR2,CNTN4,DHCR7,OBSL1,TECPR2,RAF1,TFAP2A,RB1,NBAS,SMARCAL1,SEMA5A,IDUA,XYLT1,CTNND2,MPL,INPPL1,FGD1,COMT,ANTXR2,HIRA,DLL3,ACTB,RAB23,EFNB1,NPHP1,BMPER,NBN,GPC4,FLNB,GPC3,NLRP1,GPC6,SHOC2,ARVCF,CD96,MAP2K2,TRAPPC2,SMAD4,KIF22,MAP2K1,GDF3,TRAPPC9,B3GALT6,HNF1B,GDF6,COL2A1,BBS10,HSPG2,BBS12,LHX3,TNNT3,LHX1,FGFR1,GNAS,CCDC22,TCF4,UBA1,IFT27,CHST3,MKS1,FBN2,FTO,CUL7,SLC26A2,NOTCH2,ARL6,SLC35D1,ZC4H2,ACTG1,GNS,GATA4,SMC3,GLE1,NIPBL,EBP,RPS19,DYM,ANKRD11,PIEZO2,SOX9,TRMT10A,MKKS,BBS2,BBS1,KCNJ8,ABCC9,OFD1,TMCO1,HBA1,PTPN11,PTCH1,BRAF,HBA2,WDR35,PALB2,SMC1A,KIF7,RAB33B,CRLF1,MYH3,GNPTG,CCDC8,PIGA,PAFAH1B1,FAM20C,NF1,RAPSN,SCN4A,ALDOA,MEGF8,SDCCAG8,SOS1,MESP2,RNU4ATAC,YWHAE,UFD1L,SRCAP,MED12,RAD21,MECP2,MEOX1,CHL1,IDS,BBS9,PHGDH,CEP290,BBS7,BBS5,BBS4,ECEL1,TBX1,IGBP1,ATRX,WNT7A,GP1BB,TBX6,LZTFL1,KIAA0196,ERCC1,GLB1,TTC8,RIT1,KIAA1279,SETBP1,ERCC5,ERCC2,TRIP11,ERCC6,KRAS,TRIM32,ROBO3,CANT1,HDAC4,COL11A2,FHL1,CBL,HDAC8,ACAN,LFNG,SPRED1,PUF60,TCTN2,CHN1,TNNI2,COL11A1,HRAS,MGAT2,GUSB,RMRP
Cryptorchidism (HP:0000028)		0.31279891413058314	0.4960264338580651	0.6198757610640186	1.0	0.917796100326333	26	WT1,BBS9,PROK2,PROKR2,HOXD13,FANCM,PTPN11,AR	HES7,B3GALNT2,PEX19,FNBP4,ESCO2,WDPCP,BBIP1,PEX10,PEX12,SOX10,SMARCA2,PEX13,SOX11,PEX14,SMARCA4,PEX16,FRAS1,NSMF,GTF2IRD1,BCOR,RIN2,SMARCB1,PEX11B,HPSE2,HS6ST1,TMEM70,DLL3,PEX26,STS,ACTB,FLRT3,TCOF1,TMEM67,KCNQ1OT1,CLP1,CHST14,SHOC2,NKX2-5,ARVCF,FKTN,PROK2,CREBBP,INSR,TSPYL1,JAG1,DMPK,GDF1,VPS13B,NR0B1,HNF1B,IGF2,BAZ1B,ANK1,IL17RD,BBS10,AR,VANGL1,BBS12,HSPG2,FAM111A,GJB2,POR,TBL2,PRKAR1A,GJB6,FAT4,ZFPM2,FREM2,RAB40AL,EZH2,MKS1,SLC35D1,ARX,GATA6,GATA5,TWIST1,GATA4,RXFP2,SMC3,SOX3,BRIP1,SOX2,PTDSS1,GJA5,ALX4,AP1S2,PIEZO2,HESX1,SOX9,SLC19A2,FEZF1,TP63,NSUN2,DUSP6,BBS2,CDT1,BBS1,RIPK4,OFD1,TACR3,HBA1,PTCH1,HBA2,PAX6,BRAF,CDC6,PALB2,KIF7,H19,WDR34,RAD51C,LETM1,ICK,COL3A1,ZEB2,RARB,RAPSN,MEGF8,SDCCAG8,ATR,ISPD,ATPAF2,MESP2,CITED2,ELN,PRDM16,BRCA2,CTCF,MECP2,MED12,SNX3,CHL1,BBS9,PHGDH,STRA6,CC2D2A,BBS7,BBS5,C5ORF42,BBS4,ARNT2,MBD5,AKR1C2,WNT7A,GP1BB,WDR11,FIG4,LZTFL1,MIPOL1,COL4A1,CLIP2,TTC8,KIT,RIT1,SMOC1,STAC3,HYLS1,B3GNT1,RAB3GAP2,RAB3GAP1,SETD5,PHF6,CDKN1C,HOXD13,PHF8,GLI2,GLI3,CHRND,RECQL4,LFNG,TCTN3,OPHN1,GSC,CHRNG,TCTN2,HRAS,ZSWIM6,GABRD,EVC2,SNRPN,GK,CRBN,SRD5A2,UQCC2,WNT5A,ZBTB16,TPM2,OCRL,RPGRIP1L,LIG4,MID1,SKI,WT1,DKC1,BUB1B,FANCD2,KAT6B,DOK7,TBC1D20,CNTN4,ROR2,B9D2,DHCR7,BRWD3,B9D1,RAF1,TFAP2A,GTF2I,CHRM3,DPAGT1,CHRNA1,NFIX,NALCN,FGD1,COMT,ZBTB20,HIRA,GRIP1,RAB23,PROKR2,NRAS,SLX4,NSD1,NPHP1,EFNB1,TBX22,HSD17B3,FLNA,GPC4,FLNB,KISS1R,GPC3,GPC6,JAM3,FANCI,CD96,FANCL,MAP2K2,SMAD4,EPHX1,MAP2K1,FANCM,TBCE,FANCB,FANCA,KCNAB2,B3GALT6,A2ML1,FANCC,FANCF,FANCE,TMEM231,FANCG,DNAJC19,TMEM5,B3GALTL,FGF17,LHX4,LHX1,FGFR1,STT3B,SMS,TCF4,UBA1,IFT27,FBN1,FGFR3,FGFR2,FTO,BLM,NOTCH2,AMHR2,SLC26A2,NELFA,WHSC1,ARL6,FMR1,KMT2D,MAGEL2,ACTG2,STK11,PORCN,SALL1,FGF8,NIPBL,NDN,LARGE,NDP,ANKRD11,KAL1,MKKS,RFC2,LIMK1,BDNF,SMARCE1,PYCR1,PEX1,PTPN11,PEX3,FUZ,PEX2,SMC1A,POLA1,CUL4B,ACTA2,BMP4,RPGRIP1,MYH3,G6PC3,PEX5,TMEM216,PEX6,NF1,IRF6,SOS1,KDM5C,RNU4ATAC,UFD1L,SRCAP,POMT1,POMT2,CHD7,UBR1,MTM1,ORC6,RAD21,EMG1,ORC1,ORC4,RBM10,AMH,OTX2,CEP290,WNT3,KDM6A,TBX1,MBTPS2,CCBE1,FKRP,NAA10,ATRX,TINF2,IRX5,PDE4D,ARID1A,ARID1B,POMGNT2,DHODH,POMGNT1,TBX3,EVC,ERCC4,SETBP1,POLR1C,POLR1D,SPRY4,ERCC8,POMK,ERCC6,RAB18,KRAS,B4GALT7,TRIM32,SEMA3A,COLEC11,ABCD3,ABCD4,SEC23A,SEMA3E,EHMT1,KANSL1,HDAC8,SIX6,POLD1,SRY,LRIG2,PDE6D,INSL3,DIS3L2
Developmental regression (HP:0002376)		-0.37621048102901417	-0.49071125695208273	0.6236306835550725	1.0	0.917796100326333	7	PEX2,IL23R,PEX7,IL10,NTNG1,FOXG1	TUFM,PEX19,PHYH,PEX10,MSH2,PEX12,TYROBP,PEX13,PEX14,PEX16,SDHA,ETHE1,MSH6,GLA,TBC1D24,GTF2IRD1,APP,GTF2I,STXBP1,PEX11B,FOXG1,CISD2,TRNS2,NOD2,TRNS1,C4A,PEX26,ZBTB20,LMNA,ACTB,ST3GAL5,IL12RB2,NDUFV2,PMS2,NDUFV1,EIF2B5,EIF2B4,NTNG1,EIF2B3,WFS1,BAZ1B,HLA-B,VPS13A,GFAP,COASY,CYP27A1,TBL2,NDUFAF5,NDUFAF3,NDUFAF4,NDUFAF1,NDUFAF2,ND1,TPP1,FTL,ND4,ND6,GCDH,ND5,NOTCH3,IL23R,FMR1,ROGDI,SLC2A3,PLA2G6,C12ORF65,AAAS,RNF216,NUP62,NDP,TREX1,COX3,COX2,COX1,EIF2B2,EIF2B1,IL10,RFC2,LIMK1,PEX1,PEX3,PEX2,CP,SUMF1,PEX5,LYRM7,PEX7,ACOX1,NDUFS6,PEX6,NDUFS4,NDUFS3,NDUFS2,NDUFS1,TLR4,NDUFB9,MEFV,ELN,NDUFB3,CHD2,ADAR,TREM2,MECP2,KCNT1,PSAP,GMPPA,TTPA,SERAC1,MBTPS2,TRNW,CDKL5,MLH1,NUBPL,IRX5,TRNQ,STAT4,NAGA,NDUFA1,CECR1,LMBRD1,GALC,TRNL1,CLIP2,SDHAF1,L2HGDH,PNPLA6,STUB1,ASPA,FOLR1,SLC29A3,BSCL2,GBA,HTT,NDUFA11,GBE1,DCTN1,CLN8,HSD17B10,LYST,FOXRED1,CLN5,TRNH,IFIH1,TRNF,SYNGAP1,AIFM1,AGA,POLG,ATP7A,POC1A,EARS2
Brachydactyly syndrome (HP:0001156)		0.35110705217157356	0.4342833751000495	0.6640826748461925	1.0	0.9374595566072798	12	BBS9,HOXD13,WDR19,PTPN11,TCF12	DYNC2H1,ESCO2,WDPCP,WNT5A,TRPV4,LIG4,UPF3B,SDHD,IFT80,SMARCA2,SDHB,SDHC,RUNX2,SKI,ARHGAP31,EOGT,KAT6B,ROR2,DHCR7,RAF1,RB1,STX16,FOXG1,IFT172,IHH,INPPL1,FGD1,ANTXR2,HOXA13,PAPSS2,CRKL,COMP,NRAS,RAB23,TBX22,EFNB1,AKT1,FLNA,FLNB,PITX1,SHOC2,SHOX,NKX2-5,PCNT,PCYT1A,INSR,JAG1,NTNG1,SMAD4,BHLHA9,EPHX1,GDF1,TTC21B,KCNAB2,GDF5,B3GALT6,A2ML1,EXT1,COL2A1,BBS10,B3GALTL,BCR,BBS12,FAM111A,GJB3,PIK3R1,WDR60,SLCO5A1,GJB4,PRKAR1A,FGFR1,GNAS,CCDC22,ZFPM2,IFT27,FGFR3,CHST3,FBN1,FGFR2,MKS1,SIM1,DOCK6,FTO,NOTCH1,SLC26A2,NOTCH2,ARL6,SLC35D1,KMT2D,GATA6,TWIST1,GATA5,GATA4,LTBP2,IGF1R,RBPJ,C12ORF57,FGF9,GJA1,PTDSS1,GJA5,ANKRD11,ALX3,SIL1,MKKS,NSUN2,BBS2,BBS1,GPX4,OFD1,TCF12,PTPN11,EIF2AK3,PTCH1,IFT122,BRAF,WDR35,PAX3,WDR34,IFT43,BMP4,ICK,BMP2,PIK3CA,PIGL,SOS1,BMPR1B,KDM5C,MRPS16,RNU4ATAC,CITED2,FLII,SRCAP,NPR2,CHD7,PRDM16,TRPS1,PTH1R,ADAMTS10,RAI1,GHR,MECP2,MED12,SH3PXD2B,CTSK,COL10A1,LBR,BBS9,CEP290,BBS7,KDM6A,BBS5,BBS4,GNAS-AS1,MBD5,CDKL5,NOG,IFT140,ATRX,WDR19,PDE4D,ARID1B,SULF1,LZTFL1,FIG4,KIAA0196,SLURP1,EVC,TTC8,RIT1,TRIP11,KRAS,TRIM32,KLLN,HDAC6,HDAC4,SEMA3E,COL11A2,PTEN,ZDHHC9,HOXD13,GLI3,ADAMTSL2,SIX6,RPS6KA3,TCTN3,CHN1,COL11A1,MAPK1,ATP7A,RMRP,GABRD
Hydrocephalus (HP:0000238)		0.3859340663234971	0.40157648312430966	0.6879957399649665	1.0	0.9374595566072798	8		B3GALNT2,FNBP4,ESCO2,WDPCP,B3GAT3,TRPV4,LIG4,TSC2,ALG13,RPGRIP1L,TSC1,TYROBP,L1CAM,SKI,FRAS1,OSTM1,ARHGAP31,TMEM138,BUB1B,FANCD2,EOGT,DOK7,CEP83,B9D2,DHCR7,B9D1,TP53,SMARCB1,SF3B4,IDUA,IFT172,ZBTB24,ZBTB20,AMER1,GRIP1,NRAS,SLX4,CCND2,TMEM67,AKT3,NPHP1,CSPP1,FLNA,GPC3,SHOC2,ZNF423,FKTN,FANCI,ARSB,FANCL,MAP2K2,DMPK,FANCM,MAP2K1,FANCB,FANCA,FANCC,FANCF,GFAP,FANCE,TMEM231,FANCG,VANGL2,CCDC88C,TMEM5,B3GALTL,VANGL1,MC1R,FAM111A,TMEM237,PRKAR1A,GNAQ,FGFR1,ERF,CCDC22,RNASEH2A,FREM2,VSX1,FGFR3,FBN1,OGDH,FGFR2,MKS1,DOCK6,FTO,NOTCH1,NOTCH2,ROGDI,KMT2D,RBPJ,BRIP1,PORCN,PTDSS1,SOX2,INPP5E,LARGE,TNFSF11,PIEZO2,AP1S2,SOX9,NSUN2,PTCH2,OFD1,DNMT3B,PYCR1,HBA1,PTCH1,LAMB1,FUZ,HBA2,DHCR24,BRAF,SUMF1,PALB2,KIF7,TGFBR1,TGFBR2,AHI1,RAD51C,CLCN7,RPGRIP1,ICK,PIK3CA,TMEM216,FAM20C,NF1,RAPSN,CEP41,MMACHC,ISPD,GPSM2,COL18A1,B4GALT1,COX7B,POMT1,POMT2,BRCA2,PIK3R2,TREM2,MTM1,MED12,IDS,GMPPB,CTSK,FLVCR2,CEP290,DNAI1,MPDZ,CC2D2A,CLIC2,WNT3,KDM6A,C5ORF42,MBTPS2,FKRP,POMGNT2,POMGNT1,KIAA0196,MIPOL1,GALC,COL4A1,TBX15,ERCC4,SMOC1,HYLS1,ERCC8,POMK,ERCC6,B3GNT1,KRAS,HDAC6,PIGV,GBA,TCIRG1,PTEN,HCCS,PLG,GLI2,SNX10,GLI3,RECQL4,ZIC3,ARL13B,ZIC2,TCTN2,SUFU,TCTN1,VHL,HRAS,GUSB,SLC17A5
Everted lower lip vermilion (HP:0000232)		0.38694065188649446	0.36241535662488944	0.7170416654709255	1.0	0.9374595566072798	7		HGSNAT,TFAP2B,RFC2,LIMK1,ABCC9,BDNF,OCRL,IFT122,PAX6,SMARCA2,WDR35,EDAR,IFT43,CUL4B,MYCN,WT1,ABCA12,PSAT1,CCDC8,TBC1D24,GTF2IRD1,OBSL1,TFAP2A,GTF2I,EDA,FOXC1,IDUA,ABHD5,FOXG1,ELN,CYP4F22,ALOX12B,FGD1,NRAS,MECP2,ANTXR1,NIPAL4,MSX1,PHGDH,PITX2,EDARADD,MBD5,EPHX1,ATRX,WDR19,BAZ1B,ARID1B,POMGNT1,MCOLN1,ERCC1,HSPG2,CLIP2,TBL2,ERCC5,KIAA1279,ERCC2,ERCC6,FBXL4,RAB40AL,RAB3GAP2,RAB3GAP1,CUL7,GBA,EHMT1,KANSL1,EDA2R,IGF1R,HDAC8,TGM1,ADAMTS2,RPS6KA3,LIPN,MGAT2,SCARF2
Constipation (HP:0002019)		-0.30935935306676127	-0.35238306370285394	0.7245510016774785	1.0	0.9374595566072798	8	FOXG1,KCNAB2,SOX3,DDOST	TRHR,PDGFRA,KRT5,SLC12A1,OCRL,MSH2,SOX10,SDHB,SDHC,L1CAM,SDHA,FOXP1,DES,SKI,SCNN1G,HMBS,SCN10A,SCNN1B,MSH6,GTF2IRD1,DHCR7,GTF2I,CHRM3,TYMP,TNXB,FOXG1,CISD2,TRNS2,UBE3A,NALCN,UBE3B,CPOX,HPSE2,TRNS1,PPOX,COMT,HIRA,SLC5A5,AQP2,ASCL1,PROKR2,IYD,DUOXA2,FLNA,NKX2-1,CHST14,NKX2-5,ARVCF,PMS2,PMS1,CREBBP,CD96,CASR,WFS1,PRNP,KCNAB2,BAZ1B,VANGL1,DDOST,SLC6A8,LHX4,TBL2,LHX3,GDNF,FGFR1,POLG2,TCF4,ND1,FTL,ND4,ND6,BIRC3,ND5,FOXE1,KMT2A,SLC6A3,MAGEL2,ACTG2,SOX3,SALL1,PTRF,TPO,SOX2,SCN9A,HESX1,NRTN,COX3,COX2,LRRFIP2,COX1,MNX1,EDN3,RFC2,LIMK1,MMP1,BDNF,AVPR2,KRT14,DDHD2,BRAF,TNFRSF1A,TGFBR2,PHOX2B,TG,ZEB2,PCCB,PAX8,PCCA,PIK3CA,COL7A1,ALPL,SLC26A4,BMPR1A,RET,MEFV,UFD1L,SRCAP,FLII,NRXN1,ELN,TRH,PRDM16,LMNB1,IKBKAP,IGHMBP2,BRCA1,GJC2,RAI1,DUOX2,MECP2,MED12,EPCAM,OTX2,PROP1,TBX1,TRNW,POU1F1,MBD5,CDKL5,MLH1,ATRX,TRNQ,GP1BB,MLH3,TSHR,TRNL1,CLIP2,KIT,KRAS,PIGV,DDC,THRB,THRA,ECE1,MALT1,TTR,TRNH,EDNRB,TRNF,TRNE,SCN11A,SIX3,SMPD1,LRIG2,MLYCD,POLG,KCNJ1,TRNK,GABRD,TSHB
Kyphoscoliosis (HP:0002751)		-0.33870082705466137	-0.34224161514991197	0.7321690696576006	1.0	0.9374595566072798	5	PEX7,EGR2	HGSNAT,MMP2,PTCH2,TPM2,TRPV4,SLC52A2,PTPN11,PTCH1,GDAP1,TTI2,CRLF1,MYH3,BMP1,MAPT,PEX7,PMP22,DNA2,HMGB3,LRP5,ZMPSTE24,TMEM165,PAPSS2,LMNA,ACTB,GNPTAB,PRX,MPZ,AKT1,FLNA,CLIC2,EGR2,NAA10,ATRX,B3GALT6,COL2A1,SPG20,ERCC1,HSPG2,AIMP1,ERCC2,STAC3,SMS,ERCC6,RAB18,KRAS,CHST3,FBN1,RAB3GAP1,FBN2,MVK,RBM28,RYR1,SLC26A2,NOTCH2,CTDP1,LAMA2,FKBP14,WISP3,RECQL4,CBS,TCTN3,SUFU,PIEZO2,HRAS,MGAT2,SOX9,SBF2,IKBKG
Retinitis pigmentosa (HP:0000510)		-0.2989890625177749	-0.32552636482266195	0.7447827320090425	1.0	0.9374595566072798	8	PEX7,PEX2,RP9,CLN3	HGSNAT,SEMA4A,BBS2,MKKS,SLC35A2,BBS1,IQCB1,PHYH,WDPCP,ROM1,OFD1,PEX1,GPR98,MYO7A,PEX12,PEX2,USH2A,COQ2,FAM161A,KLHL7,PEX7,PEX6,PRPH2,PANK2,PRCD,CIB2,ATXN2,CA4,NPHP4,BBS9,FLVCR1,DFNB31,CEP290,CC2D2A,BBS7,CTSD,BBS5,CNGA1,EYS,BBS4,PMM2,IFT140,ABCA4,WDR19,BCS1L,LZTFL1,BBS10,RP2,PRPF8,BBS12,RP1,TTC8,IMPDH1,CLRN1,FSCN2,CNGB3,PRPF31,RP9,TRIM32,IFT27,CNGB1,MKS1,MVK,CRB1,ARL6,PCDH15,USH1G,TULP1,RPGR,USH1C,C1QTNF5,CLN3,ABHD12,CDH23,NEK2,RHO,PDE6B,LRAT,IDH3B,APOB,PDZD7
Weight loss (HP:0001824)		0.3502761203289233	0.3228402246202291	0.7468162479148925	1.0	0.9374595566072798	10	FANCM	KRT1,MSH2,L1CAM,FOXP1,WT1,HMBS,CYP24A1,FANCD2,MSH6,PTPN3,GALT,TYMP,FOXG1,MPL,NOD2,EWSR1,C4A,LMNA,SLX4,GNPTAB,CCND1,IL12RB2,PMS2,SNCA,PMS1,SLC39A4,FANCI,FANCL,NTNG1,FANCM,PRNP,FANCB,FANCA,HLA-B,FANCC,VPS13A,FANCF,FANCE,FANCG,GJB3,PIK3R1,GJB4,GDNF,PRKAR1A,BTK,PRTN3,BIRC3,HLA-DRB1,IL23R,AK2,GATA4,GATA2,LIPA,BRIP1,NRTN,IL12B,LRRFIP2,EDN3,IL10,TET2,PALB2,KRT10,NME1,H19,TGFBR2,POU6F2,RAD51C,PIK3CA,RRM2B,BCL6,COL7A1,HLA-DQB1,ATM,BCL2,LPIN2,TLR4,BMPR1A,RET,MEFV,PTPN22,BRCA1,BRCA2,ZMPSTE24,MECP2,HLCS,EPCAM,THPO,MLX,CTLA4,RHBDF2,CDKL5,MLH1,STAT4,MLH3,F5,ERCC4,HLA-DPB1,AVP,KRAS,GBA,ECE1,DCTN1,MALT1,JPH3,EDNRB,POLG,DIS3L2,JAK2
Autism (HP:0000717)		-0.27563924921633515	-0.321653955833539	0.7477148633632473	1.0	0.9374595566072798	9	FOXG1,KCNAB2,SOX3,NTNG1	SNRPN,TSC2,SDHD,TSC1,SDHB,SDHC,SKI,SLC9A6,SCN8A,GTF2IRD1,DHCR7,GTF2I,SATB2,CHRNA7,FOXG1,TRNS2,TRNS1,COMT,ZBTB20,HIRA,STS,PROKR2,AKT1,SH2B1,ARVCF,CREBBP,NTNG1,SMAD4,WFS1,FTSJ1,KCNAB2,DYRK1A,BAZ1B,HNF1B,SLC6A8,TBL2,LHX1,GNAQ,FGFR1,IL1RAPL1,ND1,ND4,ND6,ND5,SIM1,GRIA3,FMR1,SMC3,SOX3,SOX2,NIPBL,DYM,NDN,NDP,HESX1,ANKRD11,COX3,COX2,COX1,RFC2,LIMK1,TCF12,TMLHE,SMC1A,BCKDK,MEIS2,PIK3CA,DPYD,PAH,PIGL,SHANK3,KDM5C,UFD1L,MAOA,ELN,CHD7,PRDM16,RAI1,MED12,MECP2,RAD21,OTX2,TBX1,TRNW,CDKL5,NLGN4X,MEF2C,ADSL,ATRX,TRNQ,PDE4D,NAGA,GP1BB,ALDH5A1,CLIP2,TRNL1,GATM,KLLN,HDAC4,SEMA3E,ALMS1,EHMT1,PTEN,HDAC8,TRNH,TRNF,OPHN1,NHS,GABRD
Malar flattening (HP:0000272)		-0.2278082080707694	-0.3172370684038655	0.7510637248936947	1.0	0.9374595566072798	11	PEX7,KCNAB2,PEX2	TFAP2B,SNRPN,PEX19,FNBP4,ESCO2,AGL,WNT5A,PEX10,UBE2A,LIFR,ACSL4,PEX12,PEX13,PEX14,LARP7,RUNX2,PEX16,COL1A2,SKI,COL1A1,MGP,BUB1B,KAT6B,COL9A2,COL9A1,ROR2,DCHS1,COL9A3,OBSL1,PVRL1,RAF1,TFAP2A,OCA2,NFIX,CYFIP1,SF3B4,LRP2,SATB2,PEX11B,GORAB,UBE3A,ZBTB24,PLOD3,ATP10A,PEX26,ZBTB20,EFTUD2,AMER1,LMNA,NRAS,RAB23,ANTXR1,TCOF1,TBX22,SH2B1,FLNA,FLNB,BANF1,GPC6,PITX2,SMAD4,KIF22,KCNAB2,AMMECR1,USB1,B3GALT6,A2ML1,COL2A1,SLC6A8,HSPG2,FAM111A,POR,PIK3R1,TMEM237,PRKAR1A,FGFR1,ERF,FAT4,RAB40AL,FGFR3,FBN1,FGFR2,CUL7,BLM,SLC26A2,SLC35D1,TWIST1,LTBP4,GATA1,EBP,KCNE1L,SOX9,SERPINH1,SCARF2,ATP6V0A2,TP63,DNMT3B,TMCO1,PYCR1,TCF12,PEX1,HBA1,PTPN11,PEX3,PEX2,HBA2,BRAF,TGFBR1,PAX3,TGFBR2,LRPPRC,BMP4,ICK,MYH3,COL3A1,PEX5,PEX7,CCDC8,PEX6,PIGA,FAM20C,SP7,NF1,MAN2B1,SHANK3,SOS1,DDR2,COL18A1,FOXC1,COX7B,FLII,RBM8A,PRDM16,CHD7,PTH1R,PQBP1,TMEM165,RAI1,MECP2,SHH,CTSK,LBR,TBX2,TBX1,POU1F1,MBD5,CCBE1,ATRX,PDE4D,ARID1B,DHODH,POMGNT1,TBX4,FIG4,RIT1,SETBP1,POLR1C,POLR1D,SMOC1,MAN1B1,TRIP11,KRAS,RAB3GAP2,RAB3GAP1,ABCD3,PIGV,CANT1,HDAC4,SEC23A,SEMA3E,COL11A2,EHMT1,HCCS,GLI2,PEPD,ACAN,POLE,NSDHL,SIX6,SIX3,GSC,COL11A1,SOST,GUSB,KCNJ2,RMRP,GABRD
Depressed nasal ridge (HP:0000457)		-0.3273541415682914	-0.3091875385060012	0.7571788726443414	1.0	0.9374595566072798	5	RPL26,KCNAB2	TFAP2B,WDPCP,RPS7,SMARCE1,PTPN11,RPGRIP1L,PEX12,SOX11,SMARCA4,PAX3,EDAR,SKI,RPGRIP1,ABCA12,PSAT1,TMEM216,BUB1B,RPL26,PIGL,FAM20C,B9D2,MAN2B1,B9D1,EDA,CHRNA1,SMARCB1,NFIX,RPL11,PRDM16,GHR,TMEM67,NSD1,EFNB1,BMPER,RPL15,PHGDH,CEP290,CC2D2A,SNAP29,CEP57,TTC37,EDARADD,EPHX1,ATRX,PDE4D,RPL35A,KCNAB2,ARID1A,ARID1B,TMEM231,COL2A1,RPS26,HSPG2,RPS29,GLB1,PRKAR1A,TRAF6,MKS1,RPS24,RPL5,HDAC6,COL11A2,TWIST2,PEPD,EDA2R,GATA1,CHRND,RPS17,PKHD1,RPS19,TCTN3,TCTN2,CHRNG,ALX4,RPS10,BUB3,BUB1,RMRP,GABRD
Thick lower lip vermilion (HP:0000179)		-0.30649919553443794	-0.25657248257063403	0.7975088197563169	1.0	0.9438487289142672	6	RPL26	TFAP2B,SRD5A3,RPS7,ACSL4,SMARCA2,SOX11,SMARCA4,EDAR,CYP24A1,PSAT1,KAT6B,RPL26,GLA,GTF2IRD1,RIN2,RAF1,GTF2I,SMARCB1,RPL11,IDUA,ZBTB20,AMER1,NRAS,ANTXR1,RPL15,SHOC2,EDARADD,INSR,AIP,AMMECR1,BAZ1B,A2ML1,RPS26,RPS29,TBL2,TRAF6,SMS,TCF4,RAB40AL,FBN1,RPS24,RPL5,CUL7,GNS,GATA1,C12ORF57,PTDSS1,RPS17,DEAF1,RPS19,CAMTA1,ANKRD11,KCNE1L,RPS10,FUCA1,CDT1,KCNJ8,STRADA,RFC2,LIMK1,ABCC9,MMP2,SMARCE1,PTPN11,BRAF,CDC6,CUL4B,MMP14,PIGL,SOS1,RET,RNU4ATAC,KIF11,ELN,ORC6,MED12,SH3PXD2B,ORC1,IDS,NEU1,ORC4,PHGDH,CDKL5,ATRX,RPL35A,NAGA,ARID1A,ARID1B,CLIP2,RIT1,KRAS,ECM1,PSMB8,RPS6KA3,COL11A1,AGA,HRAS
Heterogeneous (HP:0001425)		0.3582665490582425	0.23067629561037187	0.8175662902722358	1.0	0.9438487289142672	7	CFTR	EPM2A,TGFB3,TPM3,MITF,RPGRIP1L,MYO7A,SOX10,GDAP1,EDAR,PDGFRL,SDHA,SLC25A38,WT1,APC,AAGAB,NHLRC1,PMP22,COL9A1,SQSTM1,TP53,APP,IHH,FBLN5,LMNA,SEPN1,TMEM67,NPHP1,MPZ,AKT1,GPC3,CYP1B1,MSX2,IGF2R,ABCA3,EGR2,CREBBP,SURF1,HPS1,GDF6,FRMD7,NDUFAF6,SNAI2,FGFR1,NDUFAF2,VSX1,CFTR,TSG101,DHH,COL17A1,CACNA1A,SAT1,CACNA1F,BRIP1,INPP5E,COX15,COX10,SFTPB,SFTPC,EDN3,ABCC8,JUP,LAMB3,PTCH2,PEX1,PTPN11,AXIN1,PTCH1,KIF7,TGFBR1,NME1,AHI1,ACTA1,ENAM,MYOT,NDUFS8,CENPJ,KRT17,TMEM216,PIK3CA,NDUFS7,KRT16,NDUFS4,DSG2,NDUFS3,EDA,FOXC1,TNFRSF11A,POMT1,ELN,POMT2,CLCNKB,CLCNKA,BRCA2,LAMC2,ADAMTS13,ZMPSTE24,SPTA1,CASP8,PRX,SLC22A18,ORC1,KIF1B,DNAI1,DISC2,CC2D2A,HCRT,WNT3,CTSC,MBTPS2,DSP,NDUFA9,EYA1,GLRX5,GAD1,NDUFA2,BCS1L,SOD1,POMGNT1,MLPH,PPM1D,COL4A3,KCNQ1,KCNQ2,COL4A5,COL4A4,MET,ERCC6,KRAS,ENG,KRT83,KRT81,PKD1,NDUFA12,LAMA3,NDUFA10,CTNNB1,ITGB4,DYSF,ATL1,RB1CC1,KRT86,FOXRED1,EDNRB,NSDHL,SIX3,SUFU,SCN5A,BSND,KRIT1
Ptosis (HP:0000508)		0.3114899396223543	0.22650533582202864	0.820808409680311	1.0	0.9438487289142672	18	PROK2,PROKR2,FANCM,PTPN11,TCF12	PEX19,SLC12A6,KRT5,PEX10,PEX12,SOX10,PEX13,SOX11,PEX14,SMARCA4,PEX16,AFG3L2,NSMF,RBCK1,DNA2,DCHS1,BCOR,RB1,SMARCB1,SF3B4,HPGD,PEX11B,LRP4,HS6ST1,PEX26,ACTB,SEPN1,FLRT3,TCOF1,TMEM67,CSPP1,PABPN1,C10ORF2,AKT1,MUSK,ARVCF,PROK2,CREBBP,IGF1,IL17RD,COL2A1,SLC6A8,HSPG2,SLCO5A1,BIN1,NDUFAF5,CLPP,NDUFAF3,SNAI2,VAMP1,NDUFAF4,NDUFAF1,FAT4,NDUFAF2,MKS1,TWIST1,C12ORF65,GATA3,SMC3,BRIP1,INPP5E,TREX1,KIF21A,COX3,PIEZO2,HESX1,COX2,COX1,ALX3,FEZF1,SLC19A3,TP63,DUSP6,NSUN2,HARS2,PDHA1,OFD1,TMCO1,TCF12,TACR3,KRT14,PAX6,BRAF,PALB2,KIF7,NME1,PAX3,RAD51C,PHOX2A,LETM1,COL3A1,ZEB2,TH,PIGL,RAPSN,CEP41,ALDOA,FOXC2,KIF11,FASTKD2,RBM8A,BRCA2,IER3IP1,MECP2,MED12,ATXN3,CHL1,IDS,CC2D2A,C5ORF42,TRNW,NUBPL,PET100,TRNQ,GP1BB,SULF1,WDR11,COX6B1,RIT1,KIAA1279,LARS2,STAC3,RAB3GAP1,PHF6,MAMLD1,RYR1,NDUFA11,PEPD,TRNH,CHRND,IFIH1,CHRNE,TRNF,TCTN3,CHRNG,TCTN2,CHN1,TCTN1,HRAS,DLAT,ZSWIM6,SLC17A5,TFAP2B,SZT2,SLC16A2,PHYH,CRBN,WNT5A,TPM3,TPM2,MITF,RPGRIP1L,LIG4,COLQ,GCK,SKI,WT1,TMEM138,FANCD2,SLCO2A1,DOK7,KAT6B,TBC1D20,ROR2,CNTN4,STAMBP,COX20,DHCR7,B9D1,CHRNB1,RAF1,TFAP2A,AGRN,TYMP,YAP1,CHRNA1,RNASEH2C,RNASEH2B,MASP1,TNXB,HSD17B4,TRNS2,ATP1A3,UBE3B,TRNS1,YARS2,COMT,FGD1,ZBTB20,HIRA,FBLN5,LMNA,PROKR2,NRAS,SLX4,TUBB3,NPHP1,FLNA,SC5D,KISS1R,ZNF423,NDUFV2,NDUFV1,FANCI,TGIF1,MAP2K2,FANCL,SMAD4,WFS1,EPHX1,MAP2K1,FANCM,CHCHD10,FANCB,FANCA,A2ML1,FANCC,FANCF,FANCE,TMEM231,FANCG,B3GALTL,FGF17,PREPL,TMEM237,FGFR1,FGF10,ERF,UBA1,ND1,POLG2,RNASEH2A,ND4,ND6,FBN1,FGFR3,FGFR2,ND5,NELFA,WHSC1,KMT2D,ZC4H2,ACTG1,CHAT,TACO1,FGF8,NIPBL,EFEMP2,EBP,SALL4,KAL1,COX14,VARS2,COX10,COA5,MGME1,ZFHX4,KCNJ11,GFPT1,ABCC8,BDNF,SLC52A3,SMARCE1,PEX1,PTPN11,PEX3,PEX2,FOXL2,SMC1A,DNM2,AHI1,ACTA1,MYH3,PEX5,RRM2B,TMEM216,PEX7,NDUFS6,PEX6,NDUFS4,NF1,NDUFS3,NDUFS2,NDUFS1,PLEC,SHANK3,MYH8,SOS1,NDUFB9,SLC25A4,UFD1L,NDUFB3,SLC3A1,HMGB3,DBH,CHD7,PTPN22,PIK3R2,ADAR,MTM1,RAD21,GMPPB,CEP290,KDM6A,TBX1,NAA10,ATRX,NDUFA1,ARID1A,ARID1B,TRNL1,SUCLA2,LMX1B,ERCC4,SPRY4,KRAS,SEMA3A,COLEC11,DDC,SEMA3E,PTEN,KANSL1,TTN,INS,CBL,GRM1,SAMHD1,FOXRED1,HDAC8,SEPT9,SPRED1,OPA1,ARL13B,PDE6D,SOST,POLG,DIS3L2,EARS2
Downslanted palpebral fissures (HP:0000494)		-0.20020414171571638	-0.22087864793082312	0.8251869233116724	1.0	0.9438487289142672	9	ABAT	TFAP2B,SZT2,TGFB2,ESCO2,PRRX1,WDPCP,B3GAT3,WNT5A,TPM2,BBIP1,ACSL4,SMARCA2,DPM1,SKI,BUB1B,KAT6B,ROR2,RIN2,DHCR7,RAF1,PVRL1,NFIX,SEMA5A,SF3B4,LRP2,SATB2,CTNND2,CHRNA7,FOXG1,LRP4,FGD1,COMT,ABAT,ZBTB20,HIRA,EFTUD2,ASCL1,ACTB,NRAS,TCOF1,NSD1,EFNB1,NPHP1,AKT1,FLNA,SC5D,GPC4,GPC3,CHST14,RBBP8,ARVCF,PCNT,TTC37,CREBBP,MAP2K2,MAP2K1,MPST,VPS13B,AMMECR1,A2ML1,BBS10,BBS12,TMEM237,SLCO5A1,GDNF,TNNT3,FGFR1,FGF10,FBXL4,ADNP,CCDC22,IFT27,FGFR3,MCPH1,EZH2,FBN1,MKS1,FGFR2,NOTCH2,NELFA,WHSC1,ARL6,KMT2A,ACTG1,TWIST2,FGF3,C12ORF57,EFEMP2,EBP,RPS19,KCNE1L,ATP6V0A2,MKKS,BBS2,BBS1,EDN3,BDNF,OFD1,TMCO1,HBA1,PYCR1,PTPN11,PTCH1,BRAF,HBA2,DHCR24,KIF7,PAX3,PHOX2B,LETM1,MYH3,BMP2,ZEB2,CENPJ,PIK3CA,PAFAH1B1,FAM20C,NF1,KPTN,UMPS,SDCCAG8,ATR,SOS1,AHDC1,RET,RNU4ATAC,YWHAE,UFD1L,KIF11,CHD7,RAI1,MED12,DSE,SH3PXD2B,BBS9,SNAP29,CEP290,BBS7,ATRIP,BBS5,CEP57,BBS4,TBX1,IGBP1,NAA10,SLC2A10,GP1BB,SLC39A13,ARID1B,SULF1,DHODH,LZTFL1,KIAA0196,TTC8,RIT1,KIAA1279,POLR1C,POLR1D,ASPH,SMOC1,STAC3,MAN1B1,KRAS,TRIM32,RAB3GAP2,DYNC1H1,MVK,COLEC11,SEMA3E,COL11A2,PTEN,AP4E1,GLI3,RECQL4,RNF135,SPRED1,ADAMTS2,RPS6KA3,GSC,CHRNG,TNNI2,COL11A1,CEP152,HRAS,MGAT2,BUB3,ATP7A,BUB1
Migraine (HP:0002076)		-0.24792758099111156	-0.19784635824013744	0.8431652743674134	1.0	0.9438487289142672	7	RPL26,RASA1,IL10,IL23R	PDGFRB,RPS7,MSH2,STIM1,MSH6,CNTN2,RPL26,APP,SMARCB1,RPL11,TNXB,PEX11B,TRNS2,SLC1A3,MPL,LRP5,NOD2,TNF,TRNS1,ATP1A2,C4A,C10ORF2,NLRP3,RPL15,IL12RB2,PMS2,SMAD4,SLC6A19,AIP,GDF2,HLA-B,ADRA2B,MYD88,RPS26,RPS29,AMACR,ERF,PRTN3,ND1,ND4,SCN2A,FGFR3,ND6,GCDH,FGFR2,ND5,RPS24,RPL5,NOTCH3,NOTCH2,IL23R,CACNA1A,SLC2A1,PDGFB,TWIST1,GATA2,GATA1,RPS17,RPS19,NDP,TREX1,COX3,RPS10,IL12B,COX2,COX1,SCN1A,PRRT2,IL10,TET2,TNFRSF1A,RASA1,COL3A1,NF2,LPIN2,TLR4,ACVRL1,MEFV,PTPN22,THPO,PGK1,MLX,CTLA4,TRNW,MLH1,TRNQ,STAT4,RPL35A,EPOR,CECR1,COL4A1,TRNL1,KIT,KCNQ2,KCNQ3,HLA-DPB1,ENG,MVK,PTEN,TRNH,EDNRA,TRNF,VHL,POLG,JAK2
Anosmia (HP:0000458)		0.3617707859296442	0.1640588518374997	0.869684814312367	1.0	0.9438487289142672	5	PROKR2	PHYH,ATP13A2,SEMA3E,CHD7,SOX10,WDR11,PROKR2,KISS1,FGF8,SHH,SCN9A,MFN2,FGFR1,NSMF,KISS1R,KAL1,TAC3,DNAI1,ARSE,FEZF1,PROK2,GNRH1
Optic nerve hypoplasia (HP:0000609)		0.3570127504553715	0.14804194197290835	0.8823096679997249	1.0	0.9438487289142672	5	GALNTL5,OTX2,GLI2,PROKR2	PROP1,POU1F1,B3GALNT2,POMT1,CASK,ELP4,DDHD2,PAX6,GLI2,TUBA8,SOX3,PROKR2,SOX2,LHX4,LHX3,ALDH1A3,SCN8A,FGFR1,HESX1,GALNTL5,OTX2,WNT3,ISPD,PTF1A
Aplasia/Hypoplasia of the optic nerve (HP:0008058)		0.3570127504553715	0.14804194197290835	0.8823096679997249	1.0	0.9438487289142672	5	GALNTL5,OTX2,GLI2,PROKR2	PROP1,POU1F1,B3GALNT2,GDF3,CASK,ELP4,DDHD2,PAX6,GDF6,TUBA8,LHX4,LHX3,ALDH1A3,SCN8A,FGFR1,GALNTL5,ISPD,PTF1A,POMT1,GLI2,SOX3,PROKR2,SOX2,SALL4,HESX1,OTX2,SNAP29,WNT3
Aplasia/Hypoplasia affecting the fundus (HP:0008057)		0.3570127504553715	0.14804194197290835	0.8823096679997249	1.0	0.9438487289142672	5	GALNTL5,OTX2,GLI2,PROKR2	PROP1,POU1F1,B3GALNT2,GDF3,MITF,CASK,ELP4,DDHD2,PAX6,GDF6,TYR,POMGNT1,TUBA8,LHX4,LHX3,ALDH1A3,SCN8A,FGFR1,TRIM37,GALNTL5,HMX1,ISPD,PTF1A,COL18A1,OCA2,SLC45A2,POMT1,GLI2,CACNA1F,LYST,SOX3,PROKR2,SOX2,SALL4,SLC38A8,HESX1,OTX2,SNAP29,WNT3
Dry skin (HP:0000958)		0.3379638964431572	0.14672940841954002	0.8833456052659168	1.0	0.9438487289142672	7	NOD2	SPINK5,PHYH,LIG4,UBE2A,EDAR,ABCA12,PKP1,RAF1,DCLRE1C,NOD2,ALOX12B,IL2RG,CLDN1,SLC5A5,STS,CTGF,PROKR2,NIPAL4,PCNT,SLC39A4,EDARADD,INSR,MAP2K2,WNT10A,CASR,ABCA1,MAP2K1,MPST,DOLK,BTD,FERMT1,ALDH3A2,RNF168,MC1R,GJB3,GJB4,TRAF6,FGFR1,HLA-DRB1,IL7R,NOTCH2,UVSSA,SAT1,SOX3,TGM1,TRPM1,SOX2,LIPN,HESX1,KIAA0319L,RAG1,RAG2,ATP6V0A2,TP63,NSUN2,FUCA1,CAV1,OFD1,BRAF,IFT43,PAX8,IRF5,PEX7,CDK4,PAH,ADA,POT1,EDA,RNU4ATAC,KIF11,CHD7,TRH,CYP4F22,HLCS,TERT,OTX2,CCR6,MBTPS2,CDKN2D,CDKN2A,CDKN2B,TINF2,ELOVL4,NAGA,FIG4,ERCC4,ERCC8,ERCC6,KRAS,THRA,KANSL1,PEPD,NSDHL,GNA11,IKBKG,ATP7A,RMRP,POLH
Photophobia (HP:0000613)		0.27318123408389094	-0.0	1.0	1.0	1.0	5		SEMA4A,C8ORF37,TUB,PDE6H,PDE6G,CACNA2D4,MITF,CTNS,DHDDS,RBP3,RGS9BP,FAM161A,TGFBI,PLCD1,ADAM9,AIPL1,C2ORF71,OCA2,PCNA,NRL,PRCD,NOD2,TNF,C4A,BEST1,HARS,RAB28,GNAT2,IL12RB2,EYS,SLC39A4,PCYT1A,WNT10A,SLC6A19,ST14,ABCA4,HLA-B,RPE65,RAX2,TOPORS,PRPF6,ALDH3A2,PRPF8,MC1R,GJB2,CDHR1,PRPF4,PRPF3,MAK,OPN1MW,PITPNM3,GJB6,CNGB3,FSCN2,UNC119,CLRN1,SNRNP200,CHST6,CNGB1,CERKL,ARL6,AIRE,SLC45A2,IL23R,XPA,TACSTD2,NR2E3,XPC,SAT1,CACNA1F,LTBP2,KCNV2,RIMS1,NEK2,LRAT,RGS9,SCN1A,PROM1,TP63,IL10,ROM1,OFD1,C10ORF11,AP3B1,USH2A,TYR,MERTK,RPGRIP1,CRYGC,MAPT,ARL2BP,PIKFYVE,KLHL7,PRPH2,ZNF513,TLR4,GUCY2D,FOXC2,MEFV,TAT,SLC7A14,SPATA7,OPN1LW,CA4,RDH12,CNGA3,IMPG2,DRD5,CNGA1,MBTPS2,TIMM8A,STAT4,MCOLN1,DDB2,RP2,TTC8,GPR143,RP1,IMPDH1,NMNAT1,ERCC2,SAG,PRPF31,KIZ,PNPLA6,ERCC6,RP9,RGR,CRB1,SLC24A5,ALMS1,CRX,GUCA1B,TULP1,RPGR,GUCA1A,LYST,RLBP1,EDNRA,POC1B,RHO,PDE6C,PDE6B,PDE6A,CNNM4,POLH,IDH3B
Retinopathy (HP:0000488)		0.24039321236217606	-0.0	1.0	1.0	1.0	5		IL10,PHYH,ABCC6,CTNS,CP,DPM1,LETM1,PLOD1,PEX7,CDK4,COL9A2,COL9A1,CEP41,COL9A3,MMACHC,POT1,TLR4,MEFV,KIF11,IDUA,HBB,TERC,MTTP,PROS1,CISD2,CHD7,PTPN22,NOD2,C4A,BEST1,MFSD8,GNPTAB,CDH3,TERT,NEU1,CSPP1,MLX,CTLA4,IL12RB2,CDKN2D,CDKN2A,WFS1,CDKN2B,TINF2,STAT4,HLA-B,TMEM231,FIG4,MCOLN1,COL2A1,ASXL1,ALDH3A2,HADHB,TRNL1,MC1R,HADHA,HLA-DPB1,PRTN3,AGXT,NELFA,WHSC1,SEMA3E,IL23R,NR2E3,TULP1,TRNE,TREX1,COL11A1,APOE,IL12B,TRNK
Low-set, posteriorly rotated ears (HP:0000368)		0.19156773467710006	-0.0	1.0	1.0	1.0	11	PTPN11,HOXD13	HES7,B3GALNT2,PEX19,WDPCP,BBIP1,PEX10,UPF3B,PEX12,PEX13,PEX14,PEX16,FRAS1,GTF2IRD1,BCOR,PTF1A,RB1,SF3B4,LRP2,SATB2,XYLT1,PEX11B,TMEM70,DLL3,PEX26,AMER1,ANTXR1,TMEM67,CSPP1,AKT1,CHST14,SHOC2,ARVCF,FKTN,INSR,COG1,BAZ1B,EXT1,BBS10,COL2A1,FAM111A,HSPG2,BBS12,TBL2,FAT4,FREM2,RAB40AL,EZH2,MKS1,SIM1,TWIST1,SMC3,GLE1,C12ORF57,PKHD1,INPP5E,ALX4,PIEZO2,SOX9,ALX1,NSUN2,BBS2,CDT1,BBS1,OFD1,TMCO1,HBA1,PTCH1,HBA2,BRAF,CDC6,KIF7,LETM1,COL3A1,RARB,PAFAH1B1,FAM20C,RAPSN,CEP41,UMPS,SDCCAG8,ISPD,RET,MESP2,RBM8A,ELN,PRDM16,PTH1R,MED12,CHL1,BBS9,STRA6,CC2D2A,BBS7,BBS5,CEP57,C5ORF42,BBS4,WNT7A,GP1BB,LZTFL1,FIG4,KIAA0196,COL4A1,CLIP2,TTC8,RIT1,HYLS1,B3GNT1,RAB3GAP2,RAB3GAP1,CDKN1C,GBA,COL11A2,ZDHHC9,HOXD13,GLI3,CHRND,RECQL4,LFNG,TCTN3,TCTN2,CHRNG,TCTN1,COL11A1,HRAS,GABRD,CRBN,PRRX1,WNT5A,TRPV4,OCRL,LIG4,RPGRIP1L,SKI,TMEM138,BUB1B,DOK7,KAT6B,TBC1D20,ROR2,CNTN4,B9D2,DHCR7,B9D1,RAF1,TFAP2A,GTF2I,CHRNA1,SEMA5A,CTNND2,CHRNA7,ZBTB24,FGD1,COMT,HIRA,EFTUD2,GRIP1,LMNA,NRAS,NSD1,NPHP1,GPC4,FGF20,GPC3,GPC6,ZNF423,PCNT,CD96,MAP2K2,KIF22,EPHX1,MAP2K1,MPST,TBCE,KCNAB2,A2ML1,CAMKMT,TMEM231,TMEM5,B3GALTL,PREPL,TMEM237,FGFR1,FGF10,ERF,CCDC22,IFT27,FGFR3,FBN1,FGFR2,SLC26A2,NOTCH2,NELFA,WHSC1,ARL6,ACTG2,PORCN,NIPBL,LARGE,ANKRD11,MKKS,LIMK1,RFC2,DNMT3B,PEX1,PTPN11,PEX3,PEX2,DHCR24,SMC1A,AHI1,RPGRIP1,MEIS2,PEX5,TMEM216,IMPAD1,ACOX1,PEX6,ITGA8,NF1,SOS1,RNU4ATAC,YWHAE,UFD1L,SRCAP,POMT1,POMT2,CHD7,SLC3A1,TRPS1,ZMPSTE24,RAI1,ORC6,RAD21,DSE,ORC1,ORC4,RBM10,OTX2,CEP290,TBX2,MBTPS2,TBX1,IGBP1,CCBE1,FKRP,NAA10,VPS33B,ARID1B,POMGNT2,DHODH,TBX4,POMGNT1,PPM1B,ASXL1,ERCC1,SETBP1,POMK,KRAS,RAB18,VIPAS39,TRIM32,MVK,EIF4A3,HDAC6,CANT1,SEMA3E,PTEN,HDAC8,SPRED1,ARL13B,PDE6D,BUB3,RMRP,BUB1,DIS3L2
High forehead (HP:0000348)		0.29052713961784615	-0.0	1.0	1.0	1.0	6		PEX19,SZT2,AP1S1,TRPV4,PEX10,UPF3B,PEX12,ALG11,PEX13,PEX14,HIC1,PEX16,SKI,STIM1,BUB1B,KAT6B,GTF2IRD1,RAF1,GTF2I,NFIX,SATB2,PEX11B,HSD17B4,LRP5,PEX26,ACTB,NRAS,ANTXR1,GNPTAB,CCND2,NSD1,AKT3,MAP2K2,MAP2K1,MPST,TBCE,BAZ1B,A2ML1,TBL2,GNPAT,FGFR1,FGF10,ERF,FGFR3,FBN1,FGFR2,NELFA,WHSC1,ARX,TWIST1,GATA4,GJA1,ANKRD11,SOX9,SERPINH1,TP63,RFC2,LIMK1,PEX1,HBA1,PTPN11,PEX3,PEX2,HBA2,BRAF,BMP4,LETM1,PEX5,CENPJ,IMPAD1,PIK3CA,PEX6,PAFAH1B1,MMACHC,SOS1,COX7B,YWHAE,RBM8A,ELN,ETFDH,PIK3R2,GHR,MED12,SH3PXD2B,CPT2,CTSK,LBR,CEP57,TBX1,IGBP1,MEF2C,KIAA0196,CLIP2,RIT1,SETBP1,KRAS,PIGT,ABCD3,ETFA,ETFB,KANSL1,ZDHHC9,GLI3,SIX6,BUB3,ATP7A,BUB1,DIS3L2
Splenomegaly (HP:0001744)		0.21937842778793434	-0.0	1.0	1.0	1.0	7	BCL11A,NOD2,IL23R,IL10,TBXAS1,ATRX	NBEAL2,CTNS,SOX10,CDAN1,TP53,HPGD,IFT172,LCAT,NOD2,IL2RG,ASAH1,C4A,CLDN1,STX11,PNP,TMEM67,AKT1,ARVCF,ARSB,ABCA1,PRKCD,SH2D1A,BCL11A,COG4,LRBA,MIF,RAB27A,ALG1,HLA-B,VPS13A,ANK1,BTD,OCLN,FAT4,GNE,FERMT3,MKS1,HLA-DRB1,IL1RN,IL23R,PIEZO1,PRF1,GNS,GATA2,LIPA,GATA1,DGUOK,PKHD1,INPP5E,CD19,TNFSF11,TNFSF12,TREX1,APOE,CTC1,FUCA1,IL10,TPI1,HBA1,TET2,HBA2,AP3B1,CYP7B1,BRAF,SUMF1,LYZ,SLC7A7,PTPRC,ATM,CD27,PIGM,CALR,UMPS,ADA,ALDOA,TLR4,ITK,GPI,MEFV,HBB,TERC,TERT,CASP10,IDS,NEU1,CTSK,CC2D2A,ICOS,PKLR,STAT4,GAA,FMO3,GP1BB,GP1BA,ITCH,F5,ABCB11,XIAP,DNASE1L3,CD40LG,SLC29A3,BSCL2,GBA,TNFRSF13C,TNFRSF13B,ALMS1,PEPD,SNX10,LYST,PSMB8,IFIH1,SMPD1,AGA,JAK2,SLC17A5,HSD3B7,ABCG8,TGFB1,PDGFRA,PHYH,LIG4,RPGRIP1L,FAH,DPM1,GFI1B,GPD1,DKC1,FAS,SLCO2A1,NCF1,OTC,ABCG5,STEAP3,NHP2,DCLRE1C,IDUA,AKR1D1,CD81,HFE,MPL,CPOX,INPPL1,COMT,HIRA,LMNA,GNPTAB,CCND1,NLRP3,GPC4,GPC3,IL12RB2,SH2B3,SLC39A4,CARD11,HBG1,CASR,HBG2,ATP8B1,UROS,DOLK,CYBB,USB1,CYBA,NFKB2,MYD88,TBXAS1,RNASEH2A,NOP10,IL7R,NOTCH1,NOTCH2,NCF2,NCF4,LPL,FASLG,PTRF,RAG1,RAG2,HGSNAT,NPC1,DHCR24,TNFRSF1A,WRAP53,CLCN7,G6PC3,IL6,NPC2,PIK3CA,BCL6,APOA1,PEX7,MCM4,BCL2,MAN2B1,LPIN2,MS4A1,ABCB4,UFD1L,IGHV4-34,COX4I2,CHD7,C15ORF41,HK1,AGPAT2,RTEL1,CA2,CASP8,PSAP,THPO,LBR,FGA,TBX1,CCBE1,CR2,ATRX,TINF2,KLF1,MUT,BPGM,CECR1,GLB1,ZAP70,GALE,APOC2,VPS45,ERCC8,ERCC6,MVK,SCARB2,SEC23B,TCIRG1,PTEN,SLC4A1,PIK3CD,SGSH,PHKG2,NAGLU,GUSB,RMRP
